专业,专业代码,所属专业类,所属学科门类,专业相关招录人数,直接对口招录人数,专业类共享招录人数,学科门类共享招录人数,专业不限招录人数,全部可报招录人数_含不限,折算独占招录人数,专业独占指数,全部可报岗位数_含不限,折算独占岗位数,专业岗位独占指数
财务管理,120204,工商管理类,管理学,18879,1914,7049,34,5359,24238.0,1160.636718,0.047885,13572,723.287104,0.0532926
会计学,120203K,工商管理类,管理学,18832,1919,7042,34,5359,24191.0,991.309625,0.04097845,13559,602.956341,0.04446909
审计学,120207,工商管理类,管理学,18437,1621,7045,34,5359,23796.0,929.180473,0.03904776,13227,550.98193,0.04165585
财务会计教育,120213T,工商管理类,管理学,16841,248,7055,34,5359,22200.0,691.755248,0.03116015,11970,353.566253,0.0295377
内部审计,120218T,工商管理类,管理学,16807,145,7057,34,5359,22166.0,680.40897,0.03069606,11937,344.283996,0.02884175
财政学,020201K,财政学类,经济学,15966,453,13725,19,5359,21325.0,638.117389,0.02992344,11728,327.781273,0.02794861
税收学,020202,财政学类,经济学,15920,163,13737,19,5359,21279.0,627.778897,0.02950227,11690,319.134447,0.02729978
国际税收,020203TK,财政学类,经济学,15363,9,13743,19,5359,20722.0,616.287606,0.02974074,11263,309.266648,0.02745864
经济学,020101,经济学类,经济学,15007,435,13219,19,5359,20366.0,463.282313,0.02274783,11761,261.34188,0.02222106
工程审计,120109T,管理科学与工程类,管理学,14726,185,4329,34,5359,20085.0,601.114669,0.02992854,10884,301.033686,0.02765837
经济统计学,020102,经济学类,经济学,14613,151,13229,19,5359,19972.0,465.956456,0.02333049,11463,264.025871,0.02303288
数字经济,020109T,经济学类,经济学,14221,60,13229,19,5359,19580.0,446.46055,0.02280187,11141,246.379752,0.02211469
国民经济管理,020103T,经济学类,经济学,14115,41,13230,19,5359,19474.0,440.890604,0.02263996,11060,242.292286,0.02190708
能源经济,020106T,经济学类,经济学,14110,12,13227,19,5359,19469.0,441.395355,0.0226717,11055,242.797037,0.02196264
劳动经济学,020107T,经济学类,经济学,14108,3,13229,19,5359,19467.0,440.168214,0.02261099,11053,241.569896,0.0218556
商务经济学,020105T,经济学类,经济学,14082,14,13198,19,5359,19441.0,438.860632,0.02257397,11027,240.262314,0.02178855
资源与环境经济学,020104T,经济学类,经济学,14082,11,13199,19,5359,19441.0,439.297537,0.02259645,11027,240.699219,0.02182817
经济工程,020108T,经济学类,经济学,14080,9,13198,19,5359,19439.0,438.938013,0.02258028,11025,240.339695,0.02179952
法学,030101K,法学类,法学,13311,1587,10426,30,5359,18670.0,595.101398,0.03187474,11949,415.008627,0.03473166
金融学,020301K,金融学类,经济学,13049,376,10927,19,5359,18408.0,381.123453,0.02070423,10533,211.960892,0.02012351
纪检监察,030108TK,法学类,法学,12585,109,10792,30,5359,17944.0,521.90899,0.02908543,11411,352.475067,0.03088906
监狱学,030103T,法学类,法学,12562,116,10749,30,5359,17921.0,583.727502,0.03257226,11366,371.33302,0.03267051
信用风险管理与法律防控,030104T,法学类,法学,12549,88,10759,30,5359,17908.0,523.917985,0.02925609,11400,356.939641,0.03131049
国际经贸规则,030105T,法学类,法学,12530,102,10775,30,5359,17889.0,515.382383,0.02881002,11381,348.079305,0.03058425
知识产权,030102T,法学类,法学,12521,453,10755,30,5359,17880.0,515.801045,0.02884793,11371,348.803131,0.0306748
国际法,030109TK,法学类,法学,12516,181,10784,30,5359,17875.0,518.065236,0.02898267,11372,349.823977,0.03076187
海外利益安全,030112TK,法学类,法学,12511,29,10773,30,5359,17870.0,511.211223,0.02860723,11366,345.343182,0.03038388
司法警察学,030106TK,法学类,法学,12502,60,10751,30,5359,17861.0,517.031997,0.02894754,11344,343.997289,0.03032416
司法鉴定学,030110TK,法学类,法学,12491,37,10755,30,5359,17850.0,508.059449,0.02846271,11334,340.475006,0.03004015
社区矫正,030107TK,法学类,法学,12487,33,10754,30,5359,17846.0,515.6368,0.02889369,11341,349.628282,0.0308287
国家安全学,030111TK,法学类,法学,12485,39,10753,30,5359,17844.0,506.119953,0.02836359,11334,340.13551,0.03001019
金融工程,020302,金融学类,经济学,12476,85,10937,19,5359,17835.0,362.048044,0.02029986,10106,197.349245,0.01952793
经济与金融,020307T,金融学类,经济学,12471,74,10934,19,5359,17830.0,360.193384,0.02020154,10100,195.180299,0.01932478
计算机科学与技术,080901,计算机类,工学,11835,1052,9547,35,5359,17194.0,363.58384,0.02114597,10451,241.468751,0.02310485
金融审计,020311TK,金融学类,经济学,11770,86,10938,19,5359,17129.0,352.267396,0.02056556,9548,187.656386,0.019654
保险学,020303,金融学类,经济学,11726,28,10941,19,5359,17085.0,351.592145,0.020579,9521,188.987088,0.0198495
金融科技,020310T,金融学类,经济学,11725,27,10943,19,5359,17084.0,345.139331,0.02020249,9516,182.467607,0.01917482
投资学,020304,金融学类,经济学,11724,40,10938,19,5359,17083.0,344.694826,0.02017765,9518,182.723102,0.01919764
数据科学与大数据技术,080910T,计算机类,工学,11722,731,9552,35,5359,17081.0,332.582679,0.01947091,10404,215.658504,0.02072842
金融数学,020305T,金融学类,经济学,11718,22,10943,19,5359,17077.0,343.275478,0.02010163,9511,181.245421,0.0190564
互联网金融,020309T,金融学类,经济学,11717,20,10943,19,5359,17076.0,342.503617,0.0200576,9511,180.850941,0.01901492
精算学,020308T,金融学类,经济学,11716,28,10943,19,5359,17075.0,343.591712,0.0201225,9511,181.861655,0.01912119
信用管理,020306T,金融学类,经济学,11711,5,10941,19,5359,17070.0,341.936295,0.02003142,9507,180.331238,0.01896826
软件工程,080902,计算机类,工学,11539,887,9547,35,5359,16898.0,340.779625,0.02016686,10233,223.971935,0.02188722
数字媒体技术,080906,计算机类,工学,11364,146,9492,35,5359,16723.0,246.033021,0.01471225,9933,148.191882,0.01491915
新媒体技术,080912T,计算机类,工学,11317,102,9493,35,5359,16676.0,242.630809,0.0145497,9906,146.130255,0.01475169
网络工程,080903,计算机类,工学,11024,760,9552,35,5359,16383.0,315.164659,0.0192373,9862,205.816787,0.02086968
信息安全,080904K,计算机类,工学,10961,584,9552,35,5359,16320.0,288.855051,0.01769945,9799,183.798023,0.01875681
网络空间安全,080911TK,计算机类,工学,10805,412,9552,35,5359,16164.0,267.662332,0.01655916,9666,165.608755,0.01713312
电子与计算机工程,080909T,计算机类,工学,10588,359,9553,35,5359,15947.0,254.376363,0.01595136,9520,158.383716,0.01663694
智能科学与技术,080907T,计算机类,工学,10567,333,9544,35,5359,15926.0,251.557203,0.01579538,9487,153.951692,0.01622765
物联网工程,080905,计算机类,工学,10412,211,9505,35,5359,15771.0,233.888564,0.01483029,9380,141.376808,0.01507215
空间信息与数字技术,080908T,计算机类,工学,10323,121,9506,35,5359,15682.0,222.916053,0.01421477,9323,133.726427,0.01434371
保密技术,080914TK,计算机类,工学,10273,28,9550,35,5359,15632.0,220.683321,0.01411741,9308,133.913968,0.01438698
区块链工程,080917T,计算机类,工学,10269,54,9520,35,5359,15628.0,218.301676,0.01396863,9283,130.038782,0.01400827
密码科学与技术,080918TK,计算机类,工学,10262,17,9544,35,5359,15621.0,218.246284,0.01397134,9297,131.726931,0.01416876
工业软件,080919T,计算机类,工学,10231,11,9515,35,5359,15590.0,215.097243,0.01379713,9270,129.335465,0.01395205
虚拟现实技术,080916T,计算机类,工学,10098,21,9511,35,5359,15457.0,209.96804,0.01358401,9159,124.787553,0.01362458
服务科学与工程,080915T,计算机类,工学,10086,5,9515,35,5359,15445.0,208.284538,0.01348556,9154,123.789949,0.01352304
电影制作,080913T,计算机类,工学,9993,5,9422,35,5359,15352.0,203.82355,0.01327668,9069,119.867057,0.01321723
劳动与社会保障,120403,公共管理类,管理学,8121,63,4760,34,5359,13480.0,219.854463,0.01630968,7570,112.890343,0.01491286
电子信息工程,080701,电子信息类,工学,8033,354,6623,35,5359,13392.0,162.56074,0.01213865,7923,99.83667,0.01260087
人工智能,080717T,电子信息类,工学,7980,345,6620,35,5359,13339.0,161.566878,0.01211237,7861,97.404957,0.01239091
海关稽查,120217TK,工商管理类,管理学,7955,439,7052,34,5359,13314.0,289.102355,0.02171416,7720,151.58347,0.01963516
国际经济与贸易,020401,经济与贸易类,经济学,7907,58,6168,19,5359,13266.0,201.132594,0.01516151,7766,115.106992,0.01482192
通信工程,080703,电子信息类,工学,7905,275,6622,35,5359,13264.0,156.294498,0.01178336,7822,93.245781,0.01192096
信息工程,080706,电子信息类,工学,7814,171,6623,35,5359,13173.0,141.905845,0.01077248,7755,84.248794,0.0108638
电子信息科学与技术,080714T,电子信息类,工学,7772,139,6623,35,5359,13131.0,137.781053,0.01049281,7732,81.94101,0.01059765
文化产业管理,120210,工商管理类,管理学,7729,51,7052,34,5359,13088.0,152.219587,0.01163047,7661,87.946102,0.01147972
统计学,071201,统计学类,理学,7708,280,6309,39,5359,13067.0,266.382163,0.02038587,7876,169.801388,0.02155934
应用统计学,071202,统计学类,理学,7704,199,6318,39,5359,13063.0,266.676211,0.02041462,7872,170.095436,0.02160765
数据科学,071203T,统计学类,理学,7699,102,6328,39,5359,13058.0,262.669474,0.0201156,7864,165.630366,0.02106185
贸易经济,020402,经济与贸易类,经济学,7693,26,6168,19,5359,13052.0,190.15381,0.01456894,7590,106.64167,0.01405029
资产评估,120208,工商管理类,管理学,7664,150,7051,34,5359,13023.0,166.337133,0.01277257,7613,97.005332,0.01274206
人力资源管理,120206,工商管理类,管理学,7634,119,7057,34,5359,12993.0,161.788875,0.012452,7607,95.641384,0.01257281
市场营销,120202,工商管理类,管理学,7628,22,7055,34,5359,12987.0,145.796141,0.01122631,7598,83.510681,0.01099114
国际商务,120205,工商管理类,管理学,7587,29,7058,34,5359,12946.0,148.019326,0.0114336,7565,85.467107,0.0112977
劳动关系,120211T,工商管理类,管理学,7556,29,7053,34,5359,12915.0,146.781589,0.0113652,7546,84.687704,0.01122286
工商管理,120201K,工商管理类,管理学,7553,158,7040,34,5359,12912.0,146.278863,0.01132891,7544,84.176645,0.01115809
物业管理,120209,工商管理类,管理学,7525,8,7054,34,5359,12884.0,143.504501,0.01113819,7516,81.637996,0.01086189
体育经济与管理,120212T,工商管理类,管理学,7523,7,7052,34,5359,12882.0,143.600718,0.01114739,7515,81.748499,0.01087804
创业管理,120216T,工商管理类,管理学,7519,2,7053,34,5359,12878.0,143.01792,0.0111056,7511,81.165702,0.01080624
市场营销教育,120214T,工商管理类,管理学,7519,1,7054,34,5359,12878.0,143.150407,0.01111589,7511,81.298188,0.01082388
零售业管理,120215T,工商管理类,管理学,7517,3,7052,34,5359,12876.0,142.98807,0.01110501,7509,81.135851,0.01080515
电子科学与技术,080702,电子信息类,工学,7325,238,6622,35,5359,12684.0,140.893462,0.01110797,7403,85.234179,0.01151346
汉语言文学,050101,中国语言文学类,文学,7211,543,6127,22,5359,12570.0,223.545503,0.01778405,7869,159.739469,0.02029984
光电信息科学与工程,080705,电子信息类,工学,7196,75,6623,35,5359,12555.0,127.655747,0.01016772,7308,73.295262,0.01002946
微电子科学与工程,080704,电子信息类,工学,7156,33,6623,35,5359,12515.0,121.391295,0.00969966,7285,69.860258,0.0095896
集成电路设计与集成系统,080710T,电子信息类,工学,7124,2,6622,35,5359,12483.0,119.360553,0.00956185,7263,68.298815,0.00940366
工程管理,120103,管理科学与工程类,管理学,7105,200,4329,34,5359,12464.0,159.833649,0.01282362,7529,103.701757,0.01377364
电信工程及管理,080715T,电子信息类,工学,7095,15,6623,35,5359,12454.0,119.033427,0.00955785,7245,68.438339,0.00944629
智能测控工程,080720T,电子信息类,工学,7089,9,6623,35,5359,12448.0,117.742167,0.00945872,7235,67.077781,0.00927129
医学信息工程,080711T,电子信息类,工学,7087,8,6622,35,5359,12446.0,118.517669,0.00952255,7235,67.447581,0.0093224
智能视觉工程,080721T,电子信息类,工学,7087,7,6623,35,5359,12446.0,117.658834,0.00945355,7234,67.036114,0.00926681
应用电子技术教育,080716T,电子信息类,工学,7084,4,6623,35,5359,12443.0,117.687029,0.00945809,7235,67.216941,0.00929052
智能视听工程,080722T,电子信息类,工学,7084,4,6623,35,5359,12443.0,117.579886,0.00944948,7233,67.009798,0.00926445
电磁场与无线技术,080712T,电子信息类,工学,7083,3,6623,35,5359,12442.0,117.553696,0.00944814,7234,67.083608,0.00927338
电波传播与天线,080713T,电子信息类,工学,7081,1,6623,35,5359,12440.0,117.453696,0.00944162,7232,66.983608,0.00926211
工程造价,120105,管理科学与工程类,管理学,7080,171,4329,34,5359,12439.0,153.396434,0.01233189,7521,102.604232,0.01364237
广播电视工程,080707T,电子信息类,工学,7079,0,6622,35,5359,12438.0,117.23941,0.00942591,7230,66.769322,0.00923504
柔性电子学,080719T,电子信息类,工学,7079,0,6622,35,5359,12438.0,117.23941,0.00942591,7230,66.769322,0.00923504
水声工程,080708T,电子信息类,工学,7079,0,6622,35,5359,12438.0,117.23941,0.00942591,7230,66.769322,0.00923504
海洋信息工程,080718T,电子信息类,工学,7079,0,6622,35,5359,12438.0,117.23941,0.00942591,7230,66.769322,0.00923504
电子封装技术,080709T,电子信息类,工学,7079,0,6622,35,5359,12438.0,117.23941,0.00942591,7230,66.769322,0.00923504
数据计算及应用,070104T,数学类,理学,6984,132,5165,39,5359,12343.0,252.028416,0.02041873,7371,154.640219,0.02097954
信息与计算科学,070102,数学类,理学,6980,143,5150,39,5359,12339.0,250.622394,0.0203114,7359,152.970149,0.02078681
汉语言,050102,中国语言文学类,文学,6904,296,6128,22,5359,12263.0,190.2018,0.01551022,7614,131.190041,0.01723011
秘书学,050107T,中国语言文学类,文学,6894,281,6127,22,5359,12253.0,195.614974,0.01596466,7599,128.979084,0.01697317
应用语言学,050106T,中国语言文学类,文学,6817,168,6127,22,5359,12176.0,175.465576,0.01441077,7527,117.058654,0.01555183
生物统计学,071204T,统计学类,理学,6732,0,6284,39,5359,12091.0,244.549616,0.02022576,7152,150.120093,0.02098995
中国语言与文化,050108T,中国语言文学类,文学,6716,45,6128,22,5359,12075.0,164.141123,0.01359347,7453,107.97071,0.01448688
应用中文,050113T,中国语言文学类,文学,6699,36,6130,22,5359,12058.0,162.438648,0.01347144,7444,107.612679,0.0144563
汉语国际教育,050103,中国语言文学类,文学,6680,20,6115,22,5359,12039.0,160.299879,0.01331505,7419,105.163699,0.01417492
国际经济发展合作,020403T,经济与贸易类,经济学,6666,9,6168,19,5359,12025.0,174.12385,0.01448015,6812,93.042229,0.01365858
新闻学,050301,新闻传播学类,文学,6665,351,5285,22,5359,12024.0,179.857318,0.01495819,7418,120.235322,0.01620859
网络与新媒体,050306T,新闻传播学类,文学,6530,169,5285,22,5359,11889.0,160.767994,0.01352242,7297,103.622621,0.01420072
传播学,050304,新闻传播学类,文学,6516,150,5285,22,5359,11875.0,158.537209,0.0133505,7294,102.989235,0.01411972
广播电视学,050302,新闻传播学类,文学,6407,36,5285,22,5359,11766.0,137.273502,0.01166696,7206,87.379232,0.0121259
土地资源管理,120404,公共管理类,管理学,6380,138,4760,34,5359,11739.0,114.645884,0.00976624,7061,75.056759,0.01062976
汉学与中国学,050112T,中国语言文学类,文学,6312,2,6130,22,5359,11671.0,142.946494,0.01224801,7141,91.734821,0.01284621
古典文献学,050105,中国语言文学类,文学,6309,3,6126,22,5359,11668.0,142.663413,0.0122269,7138,91.451741,0.01281196
中国古典学,050111T,中国语言文学类,文学,6309,0,6129,22,5359,11668.0,142.851065,0.01224298,7138,91.639392,0.01283824
数字人文,050110T,中国语言文学类,文学,6302,0,6122,22,5359,11661.0,142.478733,0.0122184,7131,91.26706,0.01279863
手语翻译,050109T,中国语言文学类,文学,6278,0,6098,22,5359,11637.0,141.768917,0.0121826,7107,90.557244,0.01274198
中国少数民族语言文学,050104,中国语言文学类,文学,6271,12,6079,22,5359,11630.0,141.784225,0.01219125,7097,90.55219,0.01275922
数学与应用数学,070101,数学类,理学,6088,117,5165,39,5359,11447.0,239.709947,0.02094085,6738,147.126031,0.02183527
数理基础科学,070103T,数学类,理学,5873,60,5141,39,5359,11232.0,223.886306,0.0199329,6548,133.349873,0.02036498
国际新闻与传播,050309T,新闻传播学类,文学,5581,47,5284,22,5359,10940.0,130.967042,0.01197139,6603,82.741383,0.01253088
广告学,050303,新闻传播学类,文学,5555,25,5280,22,5359,10914.0,129.440581,0.01186005,6573,79.446111,0.01208674
交通管理,120407T,公共管理类,管理学,5554,16,4760,34,5359,10913.0,86.736585,0.00794801,6431,52.003992,0.00808645
编辑出版学,050305,新闻传播学类,文学,5551,16,5283,22,5359,10910.0,126.961693,0.01163719,6577,78.93389,0.0120015
数字出版,050307T,新闻传播学类,文学,5542,4,5280,22,5359,10901.0,126.344152,0.01159014,6568,78.316349,0.01192393
海关管理,120406TK,公共管理类,管理学,5539,445,4759,34,5359,10898.0,221.856195,0.02035751,6366,114.301399,0.01795498
海关检验检疫安全,120415TK,公共管理类,管理学,5533,438,4760,34,5359,10892.0,221.529441,0.02033873,6361,114.027276,0.017926
时尚传播,050308T,新闻传播学类,文学,5484,3,5280,22,5359,10843.0,123.722306,0.01141034,6520,76.186642,0.01168507
会展,050310T,新闻传播学类,文学,5482,2,5279,22,5359,10841.0,123.199683,0.01136424,6518,75.664019,0.01160847
行政管理,120402,公共管理类,管理学,5314,177,4759,34,5359,10673.0,97.270264,0.00911368,6339,62.57925,0.0098721
应急管理,120111T,管理科学与工程类,管理学,5290,51,4329,34,5359,10649.0,113.45366,0.01065393,6231,68.038627,0.01091938
公共事业管理,120401,公共管理类,管理学,5228,99,4760,34,5359,10587.0,89.60653,0.00846383,6263,55.740479,0.00889996
自然资源登记与管理,120417T,公共管理类,管理学,5185,52,4760,34,5359,10544.0,82.37945,0.00781292,6227,49.250753,0.00790923
城市管理,120405,公共管理类,管理学,5178,41,4759,34,5359,10537.0,81.577405,0.007742,6224,48.761558,0.00783444
人才发展与管理,120421TK,公共管理类,管理学,5167,11,4760,34,5359,10526.0,78.336727,0.00744221,6209,46.125287,0.00742878
公共关系学,120409T,公共管理类,管理学,5161,6,4759,34,5359,10520.0,77.477986,0.00736483,6204,45.466546,0.00732859
海事管理,120408T,公共管理类,管理学,5138,44,4759,34,5359,10497.0,113.356908,0.01079898,6189,77.52141,0.01252568
健康服务与管理,120410T,公共管理类,管理学,5105,10,4760,34,5359,10464.0,77.239048,0.00738141,6159,45.203551,0.00733943
医疗保险,120413T,公共管理类,管理学,5104,10,4759,34,5359,10463.0,77.217028,0.00738001,6158,45.13153,0.00732893
养老服务管理,120414T,公共管理类,管理学,5101,6,4760,34,5359,10460.0,76.40168,0.00730418,6155,44.366182,0.00720815
医疗产品管理,120412T,公共管理类,管理学,5097,3,4759,34,5359,10456.0,75.546562,0.00722519,6152,43.711064,0.00710518
慈善管理,120418T,公共管理类,管理学,5096,1,4760,34,5359,10455.0,75.548671,0.00722608,6151,43.713173,0.00710668
无障碍管理,120420TK,公共管理类,管理学,5095,0,4760,34,5359,10454.0,75.529441,0.00722493,6150,43.693943,0.00710471
海外安全管理,120416TK,公共管理类,管理学,5095,0,4760,34,5359,10454.0,75.529441,0.00722493,6150,43.693943,0.00710471
航空安防管理,120419TK,公共管理类,管理学,5095,0,4760,34,5359,10454.0,75.529441,0.00722493,6150,43.693943,0.00710471
海警后勤管理,120411TK,公共管理类,管理学,5094,0,4759,34,5359,10453.0,75.487774,0.00722164,6149,43.652276,0.00709909
大数据管理与应用,120108T,管理科学与工程类,管理学,4882,219,4329,34,5359,10241.0,122.538272,0.01196546,5933,71.2321,0.01200608
信息管理与信息系统,120102,管理科学与工程类,管理学,4844,133,4329,34,5359,10203.0,108.799478,0.01066348,5899,62.2184,0.01054728
土木工程,081001,土木类,工学,4822,306,3201,35,5359,10181.0,137.092889,0.01346556,6363,101.438048,0.01594186
社会工作,030302,社会学类,法学,4791,77,1406,30,5359,10150.0,182.344663,0.01796499,5856,93.411099,0.01595135
社会政策,030307T,社会学类,法学,4776,28,1407,30,5359,10135.0,178.632428,0.0176253,5844,90.698864,0.01552
房地产开发与管理,120104,管理科学与工程类,管理学,4764,11,4329,34,5359,10123.0,96.186299,0.00950176,5860,54.910517,0.0093704
管理科学,120101,管理科学与工程类,管理学,4729,40,4329,34,5359,10088.0,96.711495,0.00958679,5831,55.134166,0.00945535
计算金融,120110T,管理科学与工程类,管理学,4710,55,4329,34,5359,10069.0,97.11598,0.00964505,5813,54.759528,0.00942018
保密管理,120106TK,管理科学与工程类,管理学,4684,30,4328,34,5359,10043.0,97.083462,0.00966678,5786,53.640105,0.00927067
邮政管理,120107T,管理科学与工程类,管理学,4684,30,4328,34,5359,10043.0,92.035648,0.00916416,5797,51.224434,0.00883637
城乡规划,082802,建筑类,工学,4053,184,2753,35,5359,9412.0,104.17374,0.01106818,5962,77.96292,0.01307664
自动化,080801,自动化类,工学,4039,64,2370,35,5359,9398.0,60.884687,0.00647847,5692,38.588636,0.00677945
机器人工程,080803T,自动化类,工学,4019,9,2374,35,5359,9378.0,60.081977,0.00640669,5675,37.814711,0.00666339
给排水科学与工程,081003,土木类,工学,3846,50,3203,35,5359,9205.0,80.401437,0.00873454,5686,56.821325,0.0099932
道路桥梁与渡河工程,081006T,土木类,工学,3822,36,3203,35,5359,9181.0,76.93129,0.0083794,5653,52.870761,0.00935269
建筑环境与能源应用工程,081002,土木类,工学,3799,29,3203,35,5359,9158.0,76.295778,0.00833105,5644,51.917273,0.00919867
城市水系统工程,081011T,土木类,工学,3783,15,3203,35,5359,9142.0,71.342829,0.00780385,5634,48.864324,0.00867311
思想政治教育,030503,马克思主义理论类,法学,3728,64,2238,30,5359,9087.0,86.707465,0.00954192,5654,58.051793,0.01026738
建筑学,082801,建筑类,工学,3679,109,2752,35,5359,9038.0,97.688154,0.0108086,5724,70.864093,0.01238017
土木、水利与交通工程,081010T,土木类,工学,3672,23,3203,35,5359,9031.0,71.76915,0.00794698,5558,49.466945,0.00890013
建筑电气与智能化,081004,土木类,工学,3666,17,3203,35,5359,9025.0,71.283057,0.0078984,5552,48.730852,0.00877717
智能建造,081008T,土木类,工学,3666,17,3203,35,5359,9025.0,71.475517,0.00791972,5549,48.364979,0.00871598
城市地下空间工程,081005T,土木类,工学,3661,13,3202,35,5359,9020.0,69.748556,0.00773266,5549,47.696351,0.00859549
机械工程,080201,机械类,工学,3659,177,2517,35,5359,9018.0,78.170068,0.00866823,5443,50.959842,0.00936245
智能建造与智慧交通,081012T,土木类,工学,3658,9,3203,35,5359,9017.0,69.010925,0.00765342,5544,46.708721,0.00842509
土木、水利与海洋工程,081009T,土木类,工学,3657,8,3203,35,5359,9016.0,69.037483,0.00765722,5545,46.985278,0.00847345
工程软件,081013T,土木类,工学,3650,2,3202,35,5359,9009.0,68.340261,0.00758578,5538,46.288056,0.00835826
铁道工程,081007T,土木类,工学,3648,1,3201,35,5359,9007.0,68.189111,0.00757068,5536,46.136907,0.00833398
电子商务,120801,电子商务类,管理学,3472,22,3045,34,5359,8831.0,69.132461,0.00782838,5109,38.536282,0.00754282
风景园林,082803,建筑类,工学,3419,19,2747,35,5359,8778.0,72.818968,0.00829562,5505,52.716201,0.00957606
跨境电子商务,120803T,电子商务类,管理学,3382,20,3045,34,5359,8741.0,66.552249,0.0076138,5028,36.323417,0.00722423
电子商务及法律,120802T,电子商务类,管理学,3377,12,3045,34,5359,8736.0,66.453714,0.00760688,5024,35.341549,0.00703454
政治学与行政学,030201,政治学类,法学,3358,44,1968,30,5359,8717.0,68.273923,0.00783227,5415,45.887349,0.00847412
机械电子工程,080204,机械类,工学,3249,113,2519,35,5359,8608.0,68.498495,0.00795754,5186,44.716751,0.00862259
城市设计,082806T,建筑类,工学,3246,50,2753,35,5359,8605.0,72.914825,0.00847354,5396,53.244436,0.00986739
车辆工程,080207,机械类,工学,3230,57,2519,35,5359,8589.0,55.63898,0.00647793,5171,36.280009,0.00701605
智慧建筑与建造,082807T,建筑类,工学,3221,12,2753,35,5359,8580.0,69.154872,0.00806001,5372,49.984483,0.00930463
人居环境科学与技术,082805T,建筑类,工学,3220,9,2753,35,5359,8579.0,68.247523,0.00795518,5371,49.077134,0.00913743
历史建筑保护工程,082804T,建筑类,工学,3214,5,2747,35,5359,8573.0,68.300744,0.00796696,5368,49.194185,0.00916434
智能制造工程,080213T,机械类,工学,3107,17,2519,35,5359,8466.0,49.775531,0.00587946,5079,31.44178,0.00619055
机械设计制造及其自动化,080202,机械类,工学,3065,143,2519,35,5359,8424.0,66.788633,0.00792838,5076,43.092417,0.00848944
材料成型及控制工程,080203,机械类,工学,2993,25,2519,35,5359,8352.0,50.102213,0.00599883,5022,30.820219,0.00613704
工业设计,080205,机械类,工学,2979,12,2519,35,5359,8338.0,47.425762,0.00568791,5013,29.692319,0.00592306
过程装备与控制工程,080206,机械类,工学,2937,21,2519,35,5359,8296.0,49.3702,0.00595108,4981,31.214043,0.00626662
新能源汽车工程,080216T,机械类,工学,2934,19,2519,35,5359,8293.0,48.443663,0.00584151,4978,30.337506,0.00609432
智能车辆工程,080214T,机械类,工学,2932,16,2519,35,5359,8291.0,47.755738,0.00575995,4977,29.816247,0.00599081
测绘工程,081201,测绘类,工学,2930,82,1333,35,5359,8289.0,68.273448,0.00823663,5209,51.240374,0.00983689
应急装备技术与工程,080219T,机械类,工学,2929,13,2519,35,5359,8288.0,47.250583,0.00570108,4975,29.489664,0.00592757
机械工艺技术,080209T,机械类,工学,2926,11,2519,35,5359,8285.0,46.738452,0.00564133,4973,29.219549,0.00587564
智能交互设计,080218T,机械类,工学,2923,7,2519,35,5359,8282.0,46.488729,0.00561322,4969,28.757571,0.0057874
汽车服务工程,080208,机械类,工学,2922,6,2519,35,5359,8281.0,46.708072,0.00564039,4970,29.218581,0.00587899
仿生科学与工程,080215T,机械类,工学,2919,3,2519,35,5359,8278.0,46.03484,0.00556111,4967,28.545349,0.005747
微机电系统工程,080210T,机械类,工学,2919,3,2519,35,5359,8278.0,46.03484,0.00556111,4967,28.545349,0.005747
机电技术教育,080211T,机械类,工学,2919,3,2519,35,5359,8278.0,46.166658,0.00557703,4966,28.586258,0.0057564
汽车维修工程教育,080212T,机械类,工学,2918,2,2519,35,5359,8277.0,46.095951,0.00556916,4966,28.60646,0.00576046
增材制造工程,080217T,机械类,工学,2917,1,2519,35,5359,8276.0,45.840395,0.00553896,4965,28.350904,0.00571015
农林智能装备工程,080220T,机械类,工学,2916,0,2519,35,5359,8275.0,45.78484,0.00553291,4964,28.295349,0.00570011
智能装备与系统,080806T,自动化类,工学,2841,39,2372,35,5359,8200.0,48.15113,0.00587209,4850,27.618144,0.00569446
邮政工程,080804T,自动化类,工学,2839,14,2376,35,5359,8198.0,46.63605,0.00568871,4855,27.711397,0.00570781
工业智能,080807T,自动化类,工学,2829,26,2375,35,5359,8188.0,45.823352,0.0055964,4845,26.898699,0.00555185
核电技术与控制工程,080805T,自动化类,工学,2826,1,2376,35,5359,8185.0,45.495094,0.00555835,4842,26.570442,0.00548749
智能工程与创意设计,080808T,自动化类,工学,2825,1,2376,35,5359,8184.0,45.404185,0.00554792,4841,26.479533,0.00546985
轨道交通信号与控制,080802T,自动化类,工学,2825,1,2376,35,5359,8184.0,45.404185,0.00554792,4841,26.479533,0.00546985
马克思主义理论,030504T,马克思主义理论类,法学,2809,51,2238,30,5359,8168.0,79.016305,0.00967389,5082,53.367878,0.01050135
中国共产党历史,030502,马克思主义理论类,法学,2804,29,2240,30,5359,8163.0,76.507214,0.00937244,5078,51.358787,0.01011398
环境工程,082502,环境科学与工程类,工学,2782,80,1781,35,5359,8141.0,64.432162,0.00791453,5059,45.097643,0.00891434
环境科学,082503,环境科学与工程类,工学,2662,59,1781,35,5359,8021.0,59.44887,0.00741165,4954,39.92663,0.00805947
科学社会主义,030501,马克思主义理论类,法学,2601,18,2241,30,5359,7960.0,68.721759,0.00863339,4933,45.102716,0.00914306
工会学,030505TK,马克思主义理论类,法学,2595,5,2243,30,5359,7954.0,67.968013,0.00854514,4927,44.34897,0.00900121
电气工程及其自动化,080601,电气类,工学,2585,124,1605,35,5359,7944.0,65.035678,0.00818677,4815,42.545905,0.00883612
交通工程,081802,交通运输类,工学,2471,75,1089,35,5359,7830.0,46.39096,0.00592477,4808,33.391808,0.00694505
遥感科学与技术,081202,测绘类,工学,2442,28,1343,35,5359,7801.0,49.683303,0.00636884,4841,35.103687,0.00725133
国际政治,030202,政治学类,法学,2323,26,1968,30,5359,7682.0,59.856493,0.00779179,4747,36.168606,0.00761926
外交学,030203,政治学类,法学,2323,26,1968,30,5359,7682.0,60.638979,0.00789364,4746,36.784426,0.00775062
政治学、经济学与哲学,030205T,政治学类,法学,2313,16,1968,30,5359,7672.0,54.220053,0.00706726,4752,35.275756,0.00742335
国际事务与国际关系,030204T,政治学类,法学,2310,13,1968,30,5359,7669.0,56.472312,0.00736371,4747,37.284426,0.00785431
国际组织与全球治理,030206TK,政治学类,法学,2299,2,1968,30,5359,7658.0,52.996122,0.00692036,4737,33.974902,0.00717224
化学工程与工艺,081301,化工与制药类,工学,2298,149,1129,35,5359,7657.0,59.654164,0.0077908,4798,43.378226,0.0090409
环境科学与工程,082501,环境科学与工程类,工学,2290,103,1777,35,5359,7649.0,52.439685,0.00685576,4678,33.71882,0.00720796
环境生态工程,082504,环境科学与工程类,工学,2290,21,1778,35,5359,7649.0,51.682542,0.00675677,4682,34.29501,0.00732486
资源环境科学,082506T,环境科学与工程类,工学,2286,20,1777,35,5359,7645.0,50.915876,0.00666002,4679,33.728343,0.00720845
水质科学与技术,082507T,环境科学与工程类,工学,2283,9,1782,35,5359,7642.0,50.480162,0.00660562,4676,33.292629,0.0071199
环保设备工程,082505T,环境科学与工程类,工学,2282,6,1782,35,5359,7641.0,50.230162,0.00657377,4675,33.042629,0.00706794
水利水电工程,081101,水利类,工学,2262,90,937,35,5359,7621.0,65.471291,0.00859091,4835,53.30623,0.01102507
应用化学,070302,化学类,理学,2246,144,1041,39,5359,7605.0,56.10611,0.00737753,4751,39.659983,0.00834771
水文与水资源工程,081102,水利类,工学,2217,44,937,35,5359,7576.0,52.799044,0.00696925,4795,42.017317,0.00876274
侦查学,030602K,公安学类,法学,2193,264,1471,30,5359,7552.0,69.316298,0.00917854,4587,40.245655,0.00877385
农业资源与环境,090201,自然保护与环境生态类,农学,2176,39,994,18,5359,7535.0,46.375122,0.00615463,4770,34.760136,0.00728724
电气工程与智能控制,080604T,电气类,工学,2166,18,1605,35,5359,7525.0,32.463386,0.00431407,4513,20.253426,0.0044878
安全工程,082901,安全科学与工程类,工学,2159,89,1262,35,5359,7518.0,73.582624,0.00978753,4697,47.676762,0.01015047
智能电网信息工程,080602T,电气类,工学,2154,5,1605,35,5359,7513.0,30.624558,0.00407621,4502,18.486027,0.00410618
旅游管理,120901K,旅游管理类,管理学,2106,57,351,33,5359,7465.0,38.925206,0.00521436,4682,28.800183,0.00615126
会展经济与管理,120903,旅游管理类,管理学,2098,6,351,33,5359,7457.0,36.341872,0.00487352,4678,27.133516,0.00580024
农学,090101,植物生产类,农学,2080,224,689,16,5359,7439.0,56.427154,0.00758531,4736,44.74366,0.00944756
地理信息科学,070504,地理科学类,理学,2069,33,770,39,5359,7428.0,57.722429,0.00777092,4659,40.857992,0.00876969
人文地理与城乡规划,070503,地理科学类,理学,2065,57,770,39,5359,7424.0,58.86118,0.0079285,4662,42.667836,0.00915226
能源与动力工程,080501,能源动力类,工学,2058,12,1564,35,5359,7417.0,30.62797,0.00412943,4420,19.136186,0.00432945
社会学,030301,社会学类,法学,2043,100,1401,30,5359,7402.0,47.842246,0.00646342,4606,32.738126,0.00710771
化工安全工程,081306T,化工与制药类,工学,2010,64,1129,35,5359,7369.0,54.452785,0.00738944,4622,38.457029,0.00832043
电机电器智能化,080605T,电气类,工学,2005,4,1605,35,5359,7364.0,28.388597,0.00385505,4419,16.700924,0.00377934
智慧能源工程,080608TK,电气类,工学,2004,3,1605,35,5359,7363.0,28.40789,0.00385819,4419,16.811126,0.00380428
能源互联网工程,080607T,电气类,工学,2002,1,1605,35,5359,7361.0,28.096779,0.00381698,4417,16.500015,0.00373557
光源与照明,080603T,电气类,工学,2001,0,1605,35,5359,7360.0,28.056779,0.00381206,4416,16.460015,0.00372736
大功率半导体科学与工程,080610TK,电气类,工学,2001,0,1605,35,5359,7360.0,28.056779,0.00381206,4416,16.460015,0.00372736
电动载运工程,080609T,电气类,工学,2001,0,1605,35,5359,7360.0,28.056779,0.00381206,4416,16.460015,0.00372736
电缆工程,080606T,电气类,工学,2001,0,1605,35,5359,7360.0,28.056779,0.00381206,4416,16.460015,0.00372736
经济犯罪侦查,030606TK,公安学类,法学,1995,189,1472,30,5359,7354.0,58.590101,0.00796711,4469,34.387192,0.00769461
水务工程,081104T,水利类,工学,1994,13,937,35,5359,7353.0,41.454709,0.0056378,4617,31.29159,0.00677747
新能源科学与工程,080503T,能源动力类,工学,1994,4,1564,35,5359,7353.0,28.856047,0.00392439,4369,17.821033,0.00407897
能源与环境系统工程,080502T,能源动力类,工学,1992,3,1564,35,5359,7351.0,28.636267,0.00389556,4367,17.601253,0.00403051
储能科学与工程,080504T,能源动力类,工学,1991,1,1564,35,5359,7350.0,28.239124,0.00384206,4366,17.20411,0.00394047
可持续能源,080507TK,能源动力类,工学,1991,1,1564,35,5359,7350.0,28.239124,0.00384206,4366,17.20411,0.00394047
能源服务工程,080505T,能源动力类,工学,1991,1,1564,35,5359,7350.0,28.136267,0.00382806,4366,17.101253,0.00391692
氢能科学与工程,080506TK,能源动力类,工学,1990,0,1564,35,5359,7349.0,28.096267,0.00382314,4365,17.061253,0.00390865
历史学,060101,历史学类,历史学,1973,118,172,17,5359,7332.0,32.966285,0.00449622,4576,23.35866,0.0051046
文化遗产,060107T,历史学类,历史学,1972,4,174,17,5359,7331.0,32.67643,0.0044573,4576,23.235472,0.00507768
物流管理,120601,物流管理与工程类,管理学,1968,44,977,33,5359,7327.0,39.453019,0.00538461,4367,25.344359,0.00580361
技术侦查学,030616TK,公安学类,法学,1943,123,1472,30,5359,7302.0,51.298926,0.00702533,4443,29.925454,0.00673542
犯罪学,030611TK,公安学类,法学,1933,127,1466,30,5359,7292.0,47.306055,0.00648739,4438,28.134964,0.00633956
地理空间信息工程,081205T,测绘类,工学,1929,24,1343,35,5359,7288.0,40.300798,0.00552975,4466,27.451443,0.00614676
水土保持与荒漠化防治,090203,自然保护与环境生态类,农学,1913,18,994,18,5359,7272.0,39.048531,0.00536971,4578,28.703929,0.00626997
公安情报学,030610TK,公安学类,法学,1910,88,1472,30,5359,7269.0,51.51152,0.00708647,4413,29.497897,0.00668432
治安学,030601K,公安学类,法学,1900,103,1472,30,5359,7259.0,46.563058,0.00641453,4397,26.172941,0.00595245
化学,070301,化学类,理学,1865,124,1041,39,5359,7224.0,46.491628,0.00643572,4495,32.061404,0.00713268
涉外警务,030613TK,公安学类,法学,1855,62,1468,30,5359,7214.0,42.5416,0.00589709,4366,23.175643,0.00530821
移民管理,030619TK,公安学类,法学,1848,55,1468,30,5359,7207.0,41.922076,0.00581686,4364,23.004691,0.00527147
警犬技术,030605TK,公安学类,法学,1847,59,1463,30,5359,7206.0,40.88398,0.0056736,4364,22.566595,0.00517108
警务指挥与战术,030615TK,公安学类,法学,1843,52,1466,30,5359,7202.0,43.864154,0.00609055,4369,23.895397,0.00546931
公安管理学,030612TK,公安学类,法学,1836,39,1472,30,5359,7195.0,40.264517,0.00559618,4369,23.275367,0.00532739
国内安全保卫,030614TK,公安学类,法学,1832,35,1472,30,5359,7191.0,39.701412,0.00552099,4365,22.783075,0.00521949
禁毒学,030604TK,公安学类,法学,1829,42,1462,30,5359,7188.0,39.974314,0.00556126,4370,23.857544,0.00545939
警卫学,030609TK,公安学类,法学,1827,30,1472,30,5359,7186.0,38.958075,0.00542139,4363,22.421305,0.00513897
老年学,030306T,社会学类,法学,1826,7,1410,30,5359,7185.0,44.220584,0.00615457,4492,30.178561,0.00671829
公安政治工作,030618TK,公安学类,法学,1825,28,1472,30,5359,7184.0,38.786145,0.00539896,4362,22.33534,0.00512044
人类学,030303T,社会学类,法学,1823,2,1411,30,5359,7182.0,43.470584,0.00605271,4492,30.178561,0.00671829
反恐警务,030621TK,公安学类,法学,1820,29,1466,30,5359,7179.0,38.355669,0.00534276,4359,22.100102,0.00506999
女性学,030304T,社会学类,法学,1815,0,1404,30,5359,7174.0,43.025964,0.00599749,4487,29.811251,0.00664392
家政学,030305T,社会学类,法学,1815,0,1404,30,5359,7174.0,43.025964,0.00599749,4487,29.811251,0.00664392
出入境管理,030620TK,公安学类,法学,1814,21,1468,30,5359,7173.0,38.243288,0.00533156,4358,22.274388,0.00511115
边防管理,030603K,公安学类,法学,1808,42,1441,30,5359,7167.0,39.647583,0.00553196,4340,21.782439,0.005019
制药工程,081302,化工与制药类,工学,1789,31,1128,35,5359,7148.0,43.748525,0.00612039,4479,30.964391,0.00691324
航海技术,081803K,交通运输类,工学,1787,218,1091,35,5359,7146.0,178.418289,0.02496757,4333,123.22856,0.02843955
地理国情监测,081204T,测绘类,工学,1784,12,1343,35,5359,7143.0,36.331184,0.00508626,4357,24.562793,0.00563755
消防指挥,030608TK,公安学类,法学,1783,13,1445,30,5359,7142.0,37.141433,0.00520042,4338,21.533345,0.00496389
农业水利工程,082305,农业工程类,工学,1780,38,1058,35,5359,7139.0,40.916906,0.00573146,4483,31.591769,0.00704702
导航工程,081203T,测绘类,工学,1779,2,1343,35,5359,7138.0,35.750881,0.00500853,4352,23.98249,0.00551068
时空信息工程,081206TK,测绘类,工学,1777,0,1343,35,5359,7136.0,35.473103,0.00497101,4350,23.704712,0.00544936
轮机工程,081804K,交通运输类,工学,1774,209,1091,35,5359,7133.0,155.538069,0.02180542,4327,110.248341,0.02547916
消防政治工作,030622TK,公安学类,法学,1770,0,1445,30,5359,7129.0,36.558262,0.00512811,4333,21.200886,0.00489289
铁路警务,030623TK,公安学类,法学,1770,0,1445,30,5359,7129.0,36.558262,0.00512811,4333,21.200886,0.00489289
海警执法,030617TK,公安学类,法学,1768,0,1443,30,5359,7127.0,36.478262,0.00511832,4333,21.200886,0.00489289
边防指挥,030607TK,公安学类,法学,1766,0,1441,30,5359,7125.0,36.398262,0.00510853,4332,21.160886,0.00488478
安全生产监管,082904T,安全科学与工程类,工学,1753,63,1262,35,5359,7112.0,47.272969,0.00664693,4411,33.701286,0.00764028
能源化学工程,081304T,化工与制药类,工学,1752,33,1129,35,5359,7111.0,41.738142,0.00586952,4414,29.026102,0.00657592
应急技术与管理,082902T,安全科学与工程类,工学,1744,46,1262,35,5359,7103.0,49.215631,0.00692885,4408,34.790439,0.00789257
质量管理工程,120703T,工业工程类,管理学,1744,11,1132,34,5359,7103.0,28.958553,0.00407695,4254,17.370902,0.00408343
交通运输,081801,交通运输类,工学,1738,107,1083,35,5359,7097.0,35.29364,0.00497304,4294,22.657922,0.00527665
档案学,120502,图书情报与档案管理类,管理学,1738,44,1380,34,5359,7097.0,47.745996,0.00672763,4242,32.233821,0.00759873
工业工程,120701,工业工程类,管理学,1738,7,1132,34,5359,7097.0,26.809688,0.00377761,4223,15.309368,0.00362524
农林经济管理,120301,农业经济管理类,管理学,1737,34,1381,33,5359,7096.0,39.214037,0.00552622,4331,26.762331,0.00617925
信息资源管理,120503,图书情报与档案管理类,管理学,1724,24,1380,34,5359,7083.0,44.593449,0.00629584,4230,29.071845,0.00687278
图书馆学,120501,图书情报与档案管理类,管理学,1718,17,1380,34,5359,7077.0,44.052372,0.00622472,4227,28.75804,0.00680342
智慧应急,082905TK,安全科学与工程类,工学,1718,12,1262,35,5359,7077.0,43.718846,0.0061776,4386,30.335321,0.0069164
农村区域发展,120302,农业经济管理类,管理学,1713,24,1370,33,5359,7072.0,35.881943,0.0050738,4307,23.430237,0.00544004
乡村治理,120303TK,农业经济管理类,管理学,1710,11,1370,33,5359,7069.0,35.744349,0.00505649,4303,23.271367,0.00540817
英语,050201,外国语言文学类,文学,1706,1474,76,22,5359,7065.0,105.570142,0.0149427,4194,66.141781,0.01577057
职业卫生工程,082903T,安全科学与工程类,工学,1701,5,1248,35,5359,7060.0,41.423183,0.00586731,4373,28.52061,0.00652198
生态学,071004,生物科学类,理学,1638,51,193,39,5359,6997.0,39.27198,0.00561269,4454,29.598018,0.00664527
商务英语,050262,外国语言文学类,文学,1636,51,76,22,5359,6995.0,61.513917,0.00879398,4153,38.641112,0.00930439
船舶电子电气工程,081808TK,交通运输类,工学,1614,49,1091,35,5359,6973.0,41.777972,0.00599139,4211,27.790875,0.00659959
翻译,050261,外国语言文学类,文学,1612,22,76,22,5359,6971.0,54.532547,0.00782277,4139,34.326409,0.00829341
精细化工,081308T,化工与制药类,工学,1600,57,1129,35,5359,6959.0,42.825892,0.00615403,4335,29.67779,0.00684609
材料科学与工程,080401,材料类,工学,1592,66,1125,35,5359,6951.0,27.399359,0.00394179,4228,18.034081,0.00426539
刑事科学技术,083101K,公安技术类,工学,1587,72,428,35,5359,6946.0,36.692464,0.00528253,4225,21.052635,0.00498287
化学工程与工业生物工程,081305T,化工与制药类,工学,1587,42,1129,35,5359,6946.0,40.423943,0.00581974,4326,27.92898,0.00645607
智慧交通,081811T,交通运输类,工学,1581,28,1089,35,5359,6940.0,28.894212,0.00416343,4188,18.271698,0.00436287
交通设备与控制工程,081806T,交通运输类,工学,1578,30,1090,35,5359,6937.0,28.227545,0.00406913,4186,17.855031,0.00426542
飞行技术,081805K,交通运输类,工学,1577,9,1091,35,5359,6936.0,35.094303,0.00505973,4187,24.97179,0.00596412
智能运输工程,081812T,交通运输类,工学,1574,8,1091,35,5359,6933.0,27.86216,0.00401877,4182,17.489647,0.00418213
救助与打捞工程,081807T,交通运输类,工学,1571,3,1091,35,5359,6930.0,27.316525,0.00394178,4181,17.194012,0.00411242
轨道交通电气与控制,081809T,交通运输类,工学,1569,0,1091,35,5359,6928.0,27.094303,0.00391084,4179,16.97179,0.00406121
邮轮工程与管理,081810T,交通运输类,工学,1569,0,1091,35,5359,6928.0,27.094303,0.00391084,4179,16.97179,0.00406121
材料化学,080403,材料类,工学,1567,38,1128,35,5359,6926.0,25.655094,0.00370417,4223,16.602515,0.00393145
冶金工程,080404,材料类,工学,1549,20,1128,35,5359,6908.0,25.227982,0.003652,4203,15.644847,0.0037223
金属材料工程,080405,材料类,工学,1547,18,1128,35,5359,6906.0,24.165904,0.00349926,4205,15.357769,0.00365226
网络安全与执法,083108TK,公安技术类,工学,1542,132,428,35,5359,6901.0,39.406383,0.00571024,4174,21.284637,0.00509934
高分子材料与工程,080407,材料类,工学,1542,13,1128,35,5359,6901.0,23.032095,0.0033375,4200,14.340627,0.00341443
稀土材料科学与工程,080423T,材料类,工学,1540,11,1128,35,5359,6899.0,23.199238,0.0033627,4200,14.707769,0.00350185
复合材料与工程,080408,材料类,工学,1537,8,1128,35,5359,6896.0,22.365904,0.00324332,4195,13.674436,0.0032597
材料物理,080402,材料类,工学,1537,8,1128,35,5359,6896.0,22.199238,0.00321915,4195,13.507769,0.00321997
资源循环科学与工程,081303T,化工与制药类,工学,1536,10,1128,35,5359,6895.0,37.568703,0.00544869,4287,26.088366,0.00608546
光电信息材料与器件,080418T,材料类,工学,1535,6,1128,35,5359,6894.0,21.850349,0.00316947,4193,13.158881,0.0031383
功能材料,080412T,材料类,工学,1535,6,1128,35,5359,6894.0,22.173605,0.00321636,4192,13.082136,0.00312074
无机非金属材料工程,080406,材料类,工学,1533,4,1128,35,5359,6892.0,21.699238,0.00314847,4193,13.207769,0.00314996
新能源材料与器件,080414T,材料类,工学,1532,3,1128,35,5359,6891.0,21.570129,0.00313019,4192,13.078661,0.00311991
复合材料成型工程,080416T,材料类,工学,1530,1,1128,35,5359,6889.0,21.643682,0.00314177,4190,13.152214,0.00313895
智能材料与结构,080417T,材料类,工学,1530,1,1128,35,5359,6889.0,21.350349,0.00309919,4190,12.858881,0.00306895
材料设计科学与工程,080415T,材料类,工学,1530,1,1128,35,5359,6889.0,21.333605,0.00309676,4190,12.842136,0.00306495
焊接技术与工程,080411T,材料类,工学,1530,1,1128,35,5359,6889.0,21.510349,0.00312242,4190,13.018881,0.00310713
生物材料,080419T,材料类,工学,1530,1,1128,35,5359,6889.0,21.350349,0.00309919,4190,12.858881,0.00306895
涂料工程,081307T,化工与制药类,工学,1529,2,1129,35,5359,6888.0,36.006798,0.00522747,4280,24.526461,0.00573048
宝石及材料工艺学,080410T,材料类,工学,1529,0,1128,35,5359,6888.0,21.310349,0.00309384,4189,12.818881,0.00306013
材料智能技术,080420T,材料类,工学,1529,0,1128,35,5359,6888.0,21.310349,0.00309384,4189,12.818881,0.00306013
电子信息材料,080421T,材料类,工学,1529,0,1128,35,5359,6888.0,21.310349,0.00309384,4189,12.818881,0.00306013
粉体材料科学与工程,080409T,材料类,工学,1529,0,1128,35,5359,6888.0,21.310349,0.00309384,4189,12.818881,0.00306013
纳米材料与技术,080413T,材料类,工学,1529,0,1128,35,5359,6888.0,21.310349,0.00309384,4189,12.818881,0.00306013
软物质科学与工程,080422T,材料类,工学,1529,0,1128,35,5359,6888.0,21.310349,0.00309384,4189,12.818881,0.00306013
智能分子工程,081309T,化工与制药类,工学,1527,0,1129,35,5359,6886.0,35.856798,0.0052072,4278,24.376461,0.0056981
土地整治工程,082306T,农业工程类,工学,1510,20,1060,35,5359,6869.0,30.740678,0.00447528,4283,22.145889,0.00517065
农业机械化及其自动化,082302,农业工程类,工学,1502,12,1057,35,5359,6861.0,29.519192,0.00430246,4275,21.139921,0.00494501
农业工程,082301,农业工程类,工学,1500,35,1058,35,5359,6859.0,29.20856,0.00425843,4274,20.863771,0.00488156
农业智能装备工程,082307T,农业工程类,工学,1500,3,1060,35,5359,6859.0,28.777525,0.00419559,4273,20.398254,0.00477375
农业建筑环境与能源工程,082304,农业工程类,工学,1499,1,1060,35,5359,6858.0,28.95856,0.0042226,4273,20.613771,0.00482419
农业电气化,082303,农业工程类,工学,1498,1,1060,35,5359,6857.0,28.70856,0.00418675,4272,20.363771,0.0047668
森林保护,090503,林学类,农学,1482,107,576,18,5359,6841.0,48.761137,0.00712778,4344,38.959299,0.00896853
数据警务技术,083111TK,公安技术类,工学,1464,42,428,35,5359,6823.0,30.318652,0.0044436,4141,17.354841,0.00419098
自然地理与资源环境,070502,地理科学类,理学,1450,20,770,39,5359,6809.0,37.905143,0.00556692,4194,24.059237,0.00573658
标准化工程,120702T,工业工程类,管理学,1449,5,1132,34,5359,6808.0,24.543608,0.00360511,4054,13.794024,0.00340257
林学,090501,林学类,农学,1438,84,572,18,5359,6797.0,38.758724,0.00570233,4306,30.245347,0.007024
能源化学,070305T,化学类,理学,1399,21,1064,39,5359,6758.0,41.864331,0.00619478,4179,27.793479,0.00665075
化学测量学与技术,070306T,化学类,理学,1390,7,1064,39,5359,6749.0,41.384172,0.0061319,4175,27.73594,0.00664334
消防工程,083102K,公安技术类,工学,1389,43,401,35,5359,6748.0,35.198627,0.00521616,4164,23.882965,0.00573558
化学生物学,070303T,化学类,理学,1388,28,1064,39,5359,6747.0,40.550838,0.0060102,4174,27.23594,0.00652514
分子科学与工程,070304T,化学类,理学,1387,9,1064,39,5359,6746.0,40.384172,0.00598639,4173,27.069273,0.00648677
资源化学,070307T,化学类,理学,1387,4,1064,39,5359,6746.0,40.384172,0.00598639,4173,27.069273,0.00648677
精神医学,100205TK,临床医学类,医学,1380,54,842,16,5359,6739.0,55.916699,0.00829748,4294,41.523125,0.00967003
野生动物与自然保护区管理,090202,自然保护与环境生态类,农学,1378,13,993,18,5359,6737.0,32.307602,0.00479555,4191,23.404407,0.00558444
食品质量与安全,082702,食品科学与工程类,工学,1367,163,741,35,5359,6726.0,37.654859,0.0055984,4256,29.110929,0.00683997
水利科学与工程,081105T,水利类,工学,1362,16,937,35,5359,6721.0,34.116875,0.00507616,4192,25.736935,0.00613954
食品科学与工程,082701,食品科学与工程类,工学,1358,167,734,35,5359,6717.0,38.218034,0.00568975,4240,29.000128,0.00683965
港口航道与海岸工程,081103,水利类,工学,1358,13,934,35,5359,6717.0,34.902589,0.00519616,4188,26.522649,0.00633301
食品营养与健康,082710T,食品科学与工程类,工学,1357,12,744,35,5359,6716.0,37.141567,0.00553031,4250,28.736227,0.00676147
抢险救援指挥与技术,083106TK,公安技术类,工学,1355,7,401,35,5359,6714.0,30.068257,0.00447844,4143,19.813338,0.00478236
智慧水利,081106T,水利类,工学,1351,6,936,35,5359,6710.0,32.394653,0.00482782,4182,24.264713,0.00580218
地理科学,070501,地理科学类,理学,1325,34,770,39,5359,6684.0,35.588652,0.00532445,4135,22.883107,0.005534
食品安全与检测,082709T,食品科学与工程类,工学,1323,129,739,35,5359,6682.0,37.358807,0.00559096,4214,28.841904,0.00684431
物流工程,120602,物流管理与工程类,管理学,1317,23,977,33,5359,6676.0,32.279091,0.00483509,4000,20.373326,0.00509333
采购管理,120603T,物流管理与工程类,管理学,1312,15,977,33,5359,6671.0,31.050819,0.0046546,3988,17.929395,0.00449584
食品营养与检验教育,082707T,食品科学与工程类,工学,1311,4,744,35,5359,6670.0,36.524087,0.00547588,4206,28.145774,0.00669182
采矿工程,081501,矿业类,工学,1302,81,815,35,5359,6661.0,46.313123,0.00695288,4091,30.261411,0.00739707
粮食工程,082703,食品科学与工程类,工学,1301,57,743,35,5359,6660.0,35.937,0.00539595,4197,27.595724,0.00657511
供应链管理,120604T,物流管理与工程类,管理学,1301,7,977,33,5359,6660.0,29.634977,0.0044497,3984,17.729212,0.0044501
烹饪与营养教育,082708T,食品科学与工程类,工学,1301,1,744,35,5359,6660.0,36.003177,0.00540588,4197,27.661901,0.00659087
乳品工程,082704,食品科学与工程类,工学,1300,31,744,35,5359,6659.0,35.878177,0.00538792,4196,27.536901,0.00656266
葡萄与葡萄酒工程,082706T,食品科学与工程类,工学,1300,11,744,35,5359,6659.0,35.878177,0.00538792,4196,27.536901,0.00656266
酿酒工程,082705,食品科学与工程类,工学,1300,11,744,35,5359,6659.0,35.878177,0.00538792,4196,27.536901,0.00656266
咖啡科学与工程,082713T,食品科学与工程类,工学,1300,2,744,35,5359,6659.0,35.878177,0.00538792,4196,27.536901,0.00656266
白酒酿造工程,082712T,食品科学与工程类,工学,1300,2,744,35,5359,6659.0,35.878177,0.00538792,4196,27.536901,0.00656266
食用菌科学与工程,082711T,食品科学与工程类,工学,1300,2,744,35,5359,6659.0,35.878177,0.00538792,4196,27.536901,0.00656266
矿物资源工程,081505T,矿业类,工学,1279,54,815,35,5359,6638.0,28.135028,0.00423848,4073,19.315154,0.00474224
生态修复学,090208TK,自然保护与环境生态类,农学,1271,13,994,18,5359,6630.0,29.482707,0.00444686,4109,20.720625,0.00504274
土地科学与技术,090205T,自然保护与环境生态类,农学,1267,9,994,18,5359,6626.0,29.412866,0.00443901,4109,20.873006,0.00507983
矿物加工工程,081503,矿业类,工学,1262,34,815,35,5359,6621.0,26.001438,0.00392712,4060,17.681564,0.00435506
智能采矿工程,081507T,矿业类,工学,1250,25,815,35,5359,6609.0,26.250583,0.00397194,4056,18.296094,0.00451087
湿地保护与恢复,090206T,自然保护与环境生态类,农学,1245,7,993,18,5359,6604.0,28.977749,0.00438791,4087,20.437889,0.00500071
油气储运工程,081504,矿业类,工学,1244,18,813,35,5359,6603.0,23.974375,0.00363083,4049,16.272266,0.00401884
国家公园建设与管理,090207TK,自然保护与环境生态类,农学,1244,6,993,18,5359,6603.0,28.686082,0.0043444,4086,20.146222,0.00493055
植物保护,090103,植物生产类,农学,1239,139,689,18,5359,6598.0,51.401824,0.00779052,4216,42.798599,0.01015147
生物质科学与工程,090204T,自然保护与环境生态类,农学,1239,0,994,18,5359,6598.0,27.91715,0.00423115,4081,19.37729,0.00474817
碳储科学与工程,081508TK,矿业类,工学,1231,3,815,35,5359,6590.0,21.859771,0.00331711,4041,14.871948,0.00368026
石油工程,081502,矿业类,工学,1230,4,813,35,5359,6589.0,21.864418,0.00331832,4040,14.876595,0.00368233
海洋油气工程,081506T,矿业类,工学,1229,4,812,35,5359,6588.0,21.715827,0.00329627,4038,14.637095,0.00362484
教育学,040101,教育学类,教育学,1206,145,842,16,5359,6565.0,27.244494,0.00414996,3913,15.881181,0.00405857
医学影像学,100203TK,临床医学类,医学,1174,67,840,16,5359,6533.0,57.428781,0.00879057,4191,45.96627,0.01096785
临床医学,100201K,临床医学类,医学,1171,285,803,16,5359,6530.0,50.694282,0.00776329,4187,39.031771,0.00932213
地质工程,081401,地质类,工学,1170,66,558,35,5359,6529.0,36.25127,0.00555235,4053,22.358565,0.00551655
放射医学,100206TK,临床医学类,医学,1164,25,842,16,5359,6523.0,49.427615,0.00757744,4180,37.715104,0.00902275
儿科学,100207TK,临床医学类,医学,1148,11,839,16,5359,6507.0,45.277615,0.00695829,4170,34.931771,0.00837692
眼视光医学,100204TK,临床医学类,医学,1148,5,841,16,5359,6507.0,46.027615,0.00707355,4170,35.681771,0.00855678
麻醉学,100202TK,临床医学类,医学,1147,6,842,16,5359,6506.0,45.027615,0.00692094,4169,34.681771,0.00831897
药学,100701,药学类,医学,1146,53,505,16,5359,6505.0,29.488066,0.00453314,4130,22.114844,0.00535468
资源勘查工程,081403K,地质类,工学,1131,27,558,35,5359,6490.0,24.814338,0.00382347,4035,17.6483,0.0043738
生物工程,083001,生物工程类,工学,1112,76,304,35,5359,6471.0,31.982832,0.00494249,4036,22.150405,0.00548821
安全防范工程,083104TK,公安技术类,工学,1096,45,428,35,5359,6455.0,25.406055,0.00393587,3891,14.307277,0.00367702
勘查技术与工程,081402,地质类,工学,1070,30,558,35,5359,6429.0,24.864051,0.00386748,3988,17.454663,0.0043768
植物科学与技术,090104,植物生产类,农学,1062,119,689,18,5359,6421.0,44.644726,0.00695292,4082,36.566707,0.00895804
生物制药,083002T,生物工程类,工学,1039,8,304,35,5359,6398.0,29.508777,0.00461219,4001,20.36347,0.0050896
人工智能教育,040117TK,教育学类,教育学,1023,3,852,16,5359,6382.0,24.538504,0.00384496,3815,14.032786,0.00367832
教育技术学,040104,教育学类,教育学,1022,16,846,16,5359,6381.0,24.338504,0.00381421,3814,13.832786,0.00362684
人文教育,040103,教育学类,教育学,1022,8,852,16,5359,6381.0,24.338504,0.00381421,3814,13.832786,0.00362684
科学教育,040102,教育学类,教育学,1022,6,850,16,5359,6381.0,24.338504,0.00381421,3814,13.832786,0.00362684
劳动教育,040114TK,教育学类,教育学,1022,0,852,16,5359,6381.0,24.338504,0.00381421,3814,13.832786,0.00362684
婴幼儿发展与健康管理,040118T,教育学类,教育学,1022,0,852,16,5359,6381.0,24.338504,0.00381421,3814,13.832786,0.00362684
家庭教育,040115T,教育学类,教育学,1022,0,852,16,5359,6381.0,24.338504,0.00381421,3814,13.832786,0.00362684
融合教育,040113T,教育学类,教育学,1022,0,852,16,5359,6381.0,24.338504,0.00381421,3814,13.832786,0.00362684
认知科学与技术,040112T,教育学类,教育学,1022,0,852,16,5359,6381.0,24.338504,0.00381421,3814,13.832786,0.00362684
卫生教育,040111T,教育学类,教育学,1021,2,851,16,5359,6380.0,24.255171,0.00380175,3813,13.749453,0.00360594
华文教育,040109T,教育学类,教育学,1021,0,851,16,5359,6380.0,24.255171,0.00380175,3813,13.749453,0.00360594
教育康复学,040110TK,教育学类,教育学,1021,0,851,16,5359,6380.0,24.255171,0.00380175,3813,13.749453,0.00360594
艺术教育,040105,教育学类,教育学,1017,0,847,16,5359,6376.0,24.088504,0.003778,3812,13.707786,0.00359596
小学教育,040107,教育学类,教育学,1015,6,843,16,5359,6374.0,24.483689,0.00384118,3812,13.964083,0.00366319
孤独症儿童教育,040116TK,教育学类,教育学,1012,0,842,16,5359,6371.0,23.910053,0.00375295,3810,13.640446,0.00358017
学前教育,040106,教育学类,教育学,1012,0,842,16,5359,6371.0,23.953386,0.00375975,3810,13.68378,0.00359154
特殊教育,040108,教育学类,教育学,1011,0,841,16,5359,6370.0,23.870053,0.00374726,3809,13.600446,0.00357061
卫生检验与检疫,101007,医学技术类,医学,1005,113,812,16,5359,6364.0,31.203838,0.00490318,4052,23.355476,0.00576394
基础医学,100101K,基础医学类,医学,1002,86,814,16,5359,6361.0,30.303632,0.00476397,4056,23.558004,0.00580819
哲学,010101,哲学类,哲学,1000,141,823,17,5359,6359.0,26.931011,0.0042351,3903,16.863579,0.00432067
宗教学,010103K,哲学类,哲学,993,5,822,17,5359,6352.0,25.778009,0.00405825,3900,17.04391,0.00437023
逻辑学,010102,哲学类,哲学,991,6,823,17,5359,6350.0,24.47863,0.0038549,3898,15.744531,0.00403913
伦理学,010104T,哲学类,哲学,991,0,823,17,5359,6350.0,24.47863,0.0038549,3898,15.744531,0.00403913
地下水科学与工程,081404T,地质类,工学,988,10,558,35,5359,6347.0,21.473225,0.00338321,3935,14.522752,0.00369066
旅游地学与规划工程,081405T,地质类,工学,984,8,557,35,5359,6343.0,20.155643,0.00317762,3936,14.255169,0.00362174
医学检验技术,101001,医学技术类,医学,982,66,817,16,5359,6341.0,31.663356,0.00499343,4032,24.230643,0.00600958
资源环境大数据工程,081407T,地质类,工学,981,3,558,35,5359,6340.0,19.923225,0.00314246,3933,14.022752,0.00356541
种子科学与工程,090105,植物生产类,农学,980,37,689,18,5359,6339.0,30.210635,0.00476584,4002,23.0223,0.0057527
智能地球探测,081406T,地质类,工学,978,1,557,35,5359,6337.0,19.501797,0.00307745,3930,13.601323,0.0034609
中医学,100501K,中医学类,医学,975,36,824,16,5359,6334.0,25.120312,0.00396595,4019,17.83788,0.00443839
生物医学科学,100103T,基础医学类,医学,967,11,824,16,5359,6326.0,26.39343,0.00417221,4029,20.254159,0.00502709
生物医学,100102TK,基础医学类,医学,967,7,824,16,5359,6326.0,26.39343,0.00417221,4029,20.254159,0.00502709
智慧农业,090112T,植物生产类,农学,963,20,689,18,5359,6322.0,26.65332,0.00421596,3988,20.131651,0.00504806
心理学,071101,心理学类,理学,951,50,673,39,5359,6310.0,54.997906,0.00871599,3840,36.581445,0.00952642
生物育种科学,090116TK,植物生产类,农学,949,6,689,18,5359,6308.0,24.69928,0.00391555,3977,18.344278,0.00461259
应用心理学,071102,心理学类,理学,948,37,674,39,5359,6307.0,54.751875,0.00868113,3841,36.621127,0.00953427
生物育种技术,090117TK,植物生产类,农学,947,4,689,18,5359,6306.0,24.4983,0.00388492,3975,18.143297,0.00456435
医学影像技术,101003,医学技术类,医学,945,17,830,16,5359,6304.0,27.223028,0.00431837,4001,20.284976,0.00506998
园艺,090102,植物生产类,农学,942,23,687,18,5359,6301.0,26.041619,0.00413293,3975,19.802985,0.00498188
农药化肥,090114T,植物生产类,农学,935,14,689,18,5359,6294.0,25.637952,0.0040734,3967,19.369906,0.00488276
应用生物科学,090109T,植物生产类,农学,935,14,689,18,5359,6294.0,23.990391,0.00381163,3967,17.68509,0.00445805
设施农业科学与工程,090106,植物生产类,农学,933,12,689,18,5359,6292.0,24.834416,0.00394698,3965,18.566371,0.00468257
生物农药科学与工程,090115T,植物生产类,农学,931,10,689,18,5359,6290.0,24.759128,0.00393627,3964,18.520494,0.00467217
护理学,101101K,护理学类,医学,929,29,831,16,5359,6288.0,34.313164,0.00545693,3987,25.528691,0.00640298
助产学,101102TK,护理学类,医学,925,0,829,16,5359,6284.0,31.913164,0.00507848,3985,24.328691,0.00610507
农艺教育,090110T,植物生产类,农学,923,3,688,18,5359,6282.0,23.959779,0.00381404,3956,17.721145,0.00447956
菌物科学与工程,090113T,植物生产类,农学,923,2,689,18,5359,6282.0,23.484194,0.00373833,3955,17.216148,0.00435301
园艺教育,090111T,植物生产类,农学,921,2,687,18,5359,6280.0,23.764541,0.00378416,3954,17.525906,0.00443245
交通管理工程,083103TK,公安技术类,工学,920,72,428,35,5359,6279.0,22.148399,0.00352738,3799,11.54772,0.00303967
茶学,090107T,植物生产类,农学,919,1,686,18,5359,6278.0,23.583291,0.0037565,3952,17.344656,0.00438883
中医康复学,100510TK,中医学类,医学,918,1,824,16,5359,6277.0,22.120372,0.00352404,3982,16.168223,0.00406033
烟草,090108T,植物生产类,农学,918,0,686,18,5359,6277.0,23.333291,0.00371727,3951,17.094656,0.00432667
药物制剂,100702,药学类,医学,917,13,509,16,5359,6276.0,25.225043,0.00401929,3966,18.812205,0.00474337
傣医学,100508TK,中医学类,医学,917,2,822,16,5359,6276.0,21.953706,0.00349804,3981,16.001556,0.00401948
中医养生学,100511TK,中医学类,医学,917,1,824,16,5359,6276.0,21.953706,0.00349804,3981,16.001556,0.00401948
中医骨伤科学,100513TK,中医学类,医学,917,1,824,16,5359,6276.0,21.953706,0.00349804,3981,16.001556,0.00401948
中医儿科学,100512TK,中医学类,医学,917,0,824,16,5359,6276.0,21.953706,0.00349804,3981,16.001556,0.00401948
哈医学,100507K,中医学类,医学,917,0,824,16,5359,6276.0,21.953706,0.00349804,3981,16.001556,0.00401948
回医学,100509TK,中医学类,医学,917,0,824,16,5359,6276.0,21.953706,0.00349804,3981,16.001556,0.00401948
壮医学,100506K,中医学类,医学,917,0,824,16,5359,6276.0,21.953706,0.00349804,3981,16.001556,0.00401948
维医学,100505K,中医学类,医学,917,0,824,16,5359,6276.0,21.953706,0.00349804,3981,16.001556,0.00401948
蒙医学,100504K,中医学类,医学,917,0,824,16,5359,6276.0,21.953706,0.00349804,3981,16.001556,0.00401948
藏医学,100503K,中医学类,医学,917,0,824,16,5359,6276.0,21.953706,0.00349804,3981,16.001556,0.00401948
针灸推拿学,100502K,中医学类,医学,917,0,824,16,5359,6276.0,21.953706,0.00349804,3981,16.001556,0.00401948
公安视听技术,083105TK,公安技术类,工学,913,65,428,35,5359,6272.0,21.224835,0.00338406,3794,10.820393,0.00285198
智能感知工程,080303T,仪器类,工学,913,3,515,35,5359,6272.0,13.657276,0.0021775,3785,7.940637,0.00209792
测控技术与仪器,080301,仪器类,工学,913,3,515,35,5359,6272.0,13.742276,0.00219105,3785,8.025637,0.00212038
精密仪器,080302T,仪器类,工学,913,3,515,35,5359,6272.0,13.742276,0.00219105,3785,8.025637,0.00212038
康复治疗学,101005,医学技术类,医学,908,7,830,16,5359,6267.0,22.090922,0.00352496,3974,16.209226,0.00407882
医学实验技术,101002,医学技术类,医学,907,11,825,16,5359,6266.0,21.943382,0.00350198,3972,15.950575,0.00401575
医疗器械与装备工程,101015TK,医学技术类,医学,904,3,830,16,5359,6263.0,21.467826,0.00342772,3970,15.586131,0.00392598
眼视光学,101004,医学技术类,医学,904,3,830,16,5359,6263.0,21.339108,0.00340717,3970,15.457413,0.00389355
健康与医疗保障,101016TK,医学技术类,医学,903,2,830,16,5359,6262.0,21.435445,0.0034231,3969,15.55375,0.00391881
老年医学与健康,101017TK,医学技术类,医学,902,1,830,16,5359,6261.0,21.387826,0.00341604,3968,15.506131,0.0039078
医工学,101014TK,医学技术类,医学,901,0,830,16,5359,6260.0,21.187826,0.00338464,3967,15.306131,0.00385836
口腔医学技术,101006,医学技术类,医学,901,0,830,16,5359,6260.0,21.187826,0.00338464,3967,15.306131,0.00385836
听力与言语康复学,101008T,医学技术类,医学,901,0,830,16,5359,6260.0,21.187826,0.00338464,3967,15.306131,0.00385836
康复作业治疗,101010T,医学技术类,医学,901,0,830,16,5359,6260.0,21.187826,0.00338464,3967,15.306131,0.00385836
康复物理治疗,101009T,医学技术类,医学,901,0,830,16,5359,6260.0,21.187826,0.00338464,3967,15.306131,0.00385836
智能医学工程,101011T,医学技术类,医学,901,0,830,16,5359,6260.0,21.187826,0.00338464,3967,15.306131,0.00385836
智能影像工程,101013T,医学技术类,医学,901,0,830,16,5359,6260.0,21.187826,0.00338464,3967,15.306131,0.00385836
生物医药数据科学,101012T,医学技术类,医学,901,0,830,16,5359,6260.0,21.187826,0.00338464,3967,15.306131,0.00385836
生物科学,071001,生物科学类,理学,897,54,193,39,5359,6256.0,20.084306,0.00321041,3928,14.290373,0.00363808
核物理,070203,物理学类,理学,893,5,660,39,5359,6252.0,19.381636,0.00310007,3818,11.932165,0.00312524
声学,070204T,物理学类,理学,890,1,660,39,5359,6249.0,17.106636,0.0027375,3815,9.657165,0.00253137
应用物理学,070202,物理学类,理学,890,1,660,39,5359,6249.0,17.106636,0.0027375,3815,9.657165,0.00253137
系统科学与工程,070205T,物理学类,理学,890,1,660,39,5359,6249.0,17.081636,0.0027335,3815,9.632165,0.00252481
物理学,070201,物理学类,理学,889,0,660,39,5359,6248.0,16.981636,0.00271793,3814,9.532165,0.00249926
量子信息科学,070206T,物理学类,理学,889,0,660,39,5359,6248.0,16.981636,0.00271793,3814,9.532165,0.00249926
园林,090502,林学类,农学,880,17,579,18,5359,6239.0,31.270683,0.00501213,3898,24.545749,0.00629701
智慧林业,090505T,林学类,农学,877,4,579,18,5359,6236.0,30.69735,0.0049226,3895,23.972415,0.00615466
经济林,090504T,林学类,农学,875,3,579,18,5359,6234.0,30.24735,0.004852,3893,23.522415,0.00604223
食品药品环境犯罪侦查技术,083112TK,公安技术类,工学,871,23,428,35,5359,6230.0,17.628669,0.00282964,3783,9.915601,0.00262109
火灾勘查,083107TK,公安技术类,工学,823,2,401,35,5359,6182.0,16.025999,0.00259236,3757,9.068516,0.00241377
核生化消防,083109TK,公安技术类,工学,821,0,401,35,5359,6180.0,15.716475,0.00254312,3755,8.758992,0.00233262
海警舰艇指挥与技术,083110TK,公安技术类,工学,821,0,401,35,5359,6180.0,15.716475,0.00254312,3755,8.758992,0.00233262
地质学,070901,地质学类,理学,810,21,220,39,5359,6169.0,17.783815,0.00288277,3838,12.428309,0.00323823
地球信息科学与技术,070903T,地质学类,理学,808,2,220,39,5359,6167.0,17.456891,0.00283069,3836,12.101386,0.00315469
地球化学,070902,地质学类,理学,801,2,220,39,5359,6160.0,17.364785,0.00281896,3831,12.034468,0.00314134
合成生物学,083003T,生物工程类,工学,771,3,304,35,5359,6130.0,24.107005,0.00393263,3774,15.582042,0.00412879
森林工程,082401,林业工程类,工学,751,5,349,35,5359,6110.0,13.953199,0.00228367,3796,10.102553,0.00266137
林产化工,082403,林业工程类,工学,748,1,349,35,5359,6107.0,13.807853,0.00226099,3793,9.957208,0.00262515
家具设计与工程,082404T,林业工程类,工学,747,0,349,35,5359,6106.0,13.664996,0.00223796,3792,9.81435,0.00258817
木材科学与工程,082402,林业工程类,工学,747,0,349,35,5359,6106.0,13.664996,0.00223796,3792,9.81435,0.00258817
木结构建筑与材料,082405T,林业工程类,工学,747,0,349,35,5359,6106.0,13.664996,0.00223796,3792,9.81435,0.00258817
动植物检疫,090403T,动物医学类,农学,744,173,318,18,5359,6103.0,38.783171,0.00635477,3841,32.692512,0.00851146
动物医学,090401,动物医学类,农学,726,140,309,18,5359,6085.0,28.739784,0.00472305,3813,23.282719,0.00610614
动物药学,090402,动物医学类,农学,713,52,317,18,5359,6072.0,28.173944,0.00463998,3806,22.762334,0.00598064
旅游管理与服务教育,120904T,旅游管理类,管理学,707,18,351,33,5359,6066.0,20.28889,0.00334469,3774,15.246788,0.00403995
酒店管理,120902,旅游管理类,管理学,707,4,348,33,5359,6066.0,20.467461,0.00337413,3774,15.42536,0.00408727
国际邮轮管理,120905TK,旅游管理类,管理学,707,0,351,33,5359,6066.0,20.28889,0.00334469,3774,15.246788,0.00403995
动物科学,090301,动物生产类,农学,680,106,320,18,5359,6039.0,21.862954,0.00362029,3758,16.817565,0.00447514
兽医公共卫生,090406TK,动物医学类,农学,674,82,312,18,5359,6033.0,27.753171,0.00460023,3777,22.421242,0.00593626
实验动物学,090404T,动物医学类,农学,671,19,319,18,5359,6030.0,27.153171,0.00450301,3775,22.021242,0.00583344
中兽医学,090405T,动物医学类,农学,670,27,313,18,5359,6029.0,26.903171,0.00446229,3774,21.771242,0.00576874
药物化学,100706T,药学类,医学,639,20,510,16,5359,5998.0,23.565972,0.00392897,3783,17.817855,0.00470998
生物技术,071002,生物科学类,理学,638,53,195,39,5359,5997.0,17.714978,0.00295397,3712,11.766545,0.00316987
药物分析,100705T,药学类,医学,633,23,508,16,5359,5992.0,24.317895,0.00405839,3773,17.636445,0.00467438
化妆品科学与技术,100708T,药学类,医学,627,8,507,16,5359,5986.0,22.55697,0.00376829,3773,16.963443,0.00449601
药事管理,100704T,药学类,医学,626,12,511,16,5359,5985.0,22.57345,0.00377167,3771,16.936445,0.00449123
临床药学,100703TK,药学类,医学,625,16,510,16,5359,5984.0,22.379006,0.00373981,3770,16.742001,0.00444085
药物经济与管理,100709TK,药学类,医学,624,0,511,16,5359,5983.0,22.295672,0.0037265,3769,16.658667,0.00441992
海洋药学,100707T,药学类,医学,621,0,508,16,5359,5980.0,22.065859,0.00368994,3767,16.472332,0.0043728
服装设计与工程,081602,纺织类,工学,616,28,143,35,5359,5975.0,23.952931,0.00400886,3670,14.602102,0.00397877
服装设计与工艺教育,081604T,纺织类,工学,608,20,143,35,5359,5967.0,21.286264,0.00356733,3665,12.935435,0.00352945
水产养殖学,090601,水产类,农学,566,71,215,18,5359,5925.0,22.070583,0.00372499,3664,16.575199,0.0045238
纺织工程,081601,纺织类,工学,566,27,143,35,5359,5925.0,19.70818,0.00332628,3633,12.029131,0.00331107
经济动物学,090304T,动物生产类,农学,557,7,322,18,5359,5916.0,13.597175,0.00229837,3654,9.456046,0.00258786
饲料工程,090306T,动物生产类,农学,557,7,322,18,5359,5916.0,13.359397,0.00225818,3654,9.218268,0.00252279
智慧牧业科学与工程,090307T,动物生产类,农学,553,3,322,18,5359,5912.0,13.097175,0.00221535,3650,8.956046,0.00245371
蜂学,090303T,动物生产类,农学,552,0,321,18,5359,5911.0,13.077944,0.00221248,3649,8.936815,0.00244911
马业科学,090305T,动物生产类,农学,552,0,321,18,5359,5911.0,13.077944,0.00221248,3649,8.936815,0.00244911
蚕学,090302T,动物生产类,农学,551,0,320,18,5359,5910.0,13.059426,0.00220972,3648,8.918296,0.00244471
无人驾驶航空器系统工程,082009T,航空航天类,工学,545,48,100,35,5359,5904.0,22.491145,0.00380948,3626,11.929509,0.00328999
非织造材料与工程,081603T,纺织类,工学,544,3,141,35,5359,5903.0,15.522658,0.00262962,3619,9.378794,0.00259154
丝绸设计与工程,081605T,纺织类,工学,543,3,143,35,5359,5902.0,14.909695,0.00252621,3618,8.947313,0.002473
轻化工程,081701,轻工类,工学,530,14,121,35,5359,5889.0,10.255245,0.00174142,3624,6.794519,0.00187487
化妆品技术与工程,081705T,轻工类,工学,527,11,121,35,5359,5886.0,9.136328,0.00155221,3624,5.942268,0.0016397
印刷工程,081703,轻工类,工学,521,8,118,35,5359,5880.0,8.595217,0.00146177,3614,5.290046,0.00146376
包装工程,081702,轻工类,工学,521,5,121,35,5359,5880.0,9.384899,0.00159607,3616,5.905125,0.00163305
生物质技术与工程,081707T,轻工类,工学,516,0,121,35,5359,5875.0,8.456328,0.00143937,3613,5.262268,0.00145648
生物质能源与材料,081706TK,轻工类,工学,516,0,121,35,5359,5875.0,8.456328,0.00143937,3613,5.262268,0.00145648
香料香精技术与工程,081704T,轻工类,工学,516,0,121,35,5359,5875.0,8.456328,0.00143937,3613,5.262268,0.00145648
智能飞行器技术,082010T,航空航天类,工学,513,16,100,35,5359,5872.0,10.427166,0.00177574,3613,6.371714,0.00176355
飞行器控制与信息工程,082008T,航空航天类,工学,507,10,100,35,5359,5866.0,10.776546,0.00183712,3612,6.400994,0.00177215
航空航天工程,082001,航空航天类,工学,503,6,100,35,5359,5862.0,10.209879,0.00174171,3609,6.034327,0.00167202
飞行器运维工程,082012T,航空航天类,工学,502,5,100,35,5359,5861.0,10.076546,0.00171925,3608,5.900994,0.00163553
水生动物医学,090604TK,水产类,农学,500,58,215,18,5359,5859.0,19.930703,0.00340172,3605,14.816606,0.00411002
飞行器设计与工程,082002,航空航天类,工学,499,2,100,35,5359,5858.0,10.076546,0.00172013,3608,6.650994,0.0018434
飞行器制造工程,082003,航空航天类,工学,498,1,100,35,5359,5857.0,9.076546,0.00154969,3607,5.650994,0.00156667
空天智能电推进技术,082011T,航空航天类,工学,497,0,100,35,5359,5856.0,8.876546,0.0015158,3606,5.450994,0.00151165
飞行器动力工程,082004,航空航天类,工学,497,0,100,35,5359,5856.0,8.876546,0.0015158,3606,5.450994,0.00151165
飞行器环境与生命保障工程,082005,航空航天类,工学,497,0,100,35,5359,5856.0,8.876546,0.0015158,3606,5.450994,0.00151165
飞行器质量与可靠性,082006T,航空航天类,工学,497,0,100,35,5359,5856.0,8.876546,0.0015158,3606,5.450994,0.00151165
飞行器适航技术,082007T,航空航天类,工学,497,0,100,35,5359,5856.0,8.876546,0.0015158,3606,5.450994,0.00151165
生物信息学,071003,生物科学类,理学,484,15,195,39,5359,5843.0,15.296981,0.002618,3622,10.439925,0.00288236
船舶与海洋工程,081901,海洋工程类,工学,483,53,29,35,5359,5842.0,24.253511,0.00415158,3605,17.013608,0.00471945
生物医学工程,082601,生物医学工程类,工学,478,21,62,35,5359,5837.0,9.570788,0.00163968,3591,6.316007,0.00175884
辐射防护与核安全,082202,核工程类,工学,477,13,69,35,5359,5836.0,11.367219,0.00194778,3589,7.957838,0.00221729
临床工程技术,082603T,生物医学工程类,工学,475,0,62,35,5359,5834.0,9.383288,0.00160838,3589,6.191007,0.001725
假肢矫形工程,082602T,生物医学工程类,工学,475,0,62,35,5359,5834.0,9.383288,0.00160838,3589,6.191007,0.001725
健康科学与技术,082605T,生物医学工程类,工学,475,0,62,35,5359,5834.0,9.383288,0.00160838,3589,6.191007,0.001725
康复工程,082604T,生物医学工程类,工学,475,0,62,35,5359,5834.0,9.383288,0.00160838,3589,6.191007,0.001725
工程力学,080102,力学类,工学,472,1,76,35,5359,5831.0,8.679938,0.00148858,3581,5.454127,0.00152307
理论与应用力学,080101,力学类,工学,471,1,75,35,5359,5830.0,8.639938,0.00148198,3580,5.414127,0.00151233
预防医学,100401K,公共卫生与预防医学类,医学,470,136,261,16,5359,5829.0,25.551949,0.00438359,3658,19.993986,0.00546582
核工程与核技术,082201,核工程类,工学,470,6,69,35,5359,5829.0,10.721794,0.00183939,3584,7.479079,0.0020868
集成电路科学与工程,083204TK,交叉工程类,工学,469,25,37,35,5359,5828.0,9.427434,0.00161761,3588,6.141558,0.00171169
整合科学,071005T,生物科学类,理学,468,0,189,39,5359,5827.0,14.818886,0.00254314,3606,9.96183,0.00276257
神经科学,071006T,生物科学类,理学,468,0,189,39,5359,5827.0,14.818886,0.00254314,3606,9.96183,0.00276257
古生物学,070904T,地质学类,理学,467,0,220,39,5359,5826.0,12.650437,0.00217138,3605,8.481893,0.00235281
工程物理,082203,核工程类,工学,466,2,69,35,5359,5825.0,9.430128,0.00161891,3580,6.187413,0.00172833
核化工与核燃料工程,082204,核工程类,工学,465,1,69,35,5359,5824.0,8.930128,0.00153333,3579,5.687413,0.00158911
大气科学,070601,大气科学类,理学,459,46,185,39,5359,5818.0,34.220904,0.0058819,3654,30.593102,0.0083725
应用气象学,070602,大气科学类,理学,459,29,185,39,5359,5818.0,34.220904,0.0058819,3654,30.593102,0.0083725
气象技术与工程,070603T,大气科学类,理学,459,9,185,39,5359,5818.0,34.220904,0.0058819,3654,30.593102,0.0083725
地球系统科学,070604T,大气科学类,理学,459,6,185,39,5359,5818.0,34.220904,0.0058819,3654,30.593102,0.0083725
未来机器人,083201TK,交叉工程类,工学,452,7,38,35,5359,5811.0,8.520805,0.00146632,3589,5.53944,0.00154345
海洋渔业科学与技术,090602,水产类,农学,451,9,215,18,5359,5810.0,15.361583,0.00264399,3560,10.330819,0.00290192
智慧城市与空间规划,083206T,交叉工程类,工学,448,13,38,35,5359,5807.0,8.464827,0.00145769,3587,5.536094,0.00154338
低空技术与工程,083203TK,交叉工程类,工学,447,2,38,35,5359,5806.0,8.635767,0.00148739,3586,5.707034,0.00159148
智能无人系统技术,082108T,兵器类,工学,446,28,18,35,5359,5805.0,11.527724,0.00198583,3575,7.291974,0.00203971
水族科学与技术,090603T,水产类,农学,445,3,215,18,5359,5804.0,13.761583,0.00237105,3555,9.064153,0.00254969
交叉工程,083202TK,交叉工程类,工学,445,0,38,35,5359,5804.0,8.302434,0.00143047,3584,5.373701,0.00149936
碳中和科学与工程,083205T,交叉工程类,工学,445,0,38,35,5359,5804.0,8.302434,0.00143047,3584,5.373701,0.00149936
法医学,100901K,法医学类,医学,443,48,158,16,5359,5802.0,19.278734,0.00332277,3641,14.333422,0.00393667
海洋工程与技术,081902T,海洋工程类,工学,438,3,32,35,5359,5797.0,9.490617,0.00163716,3573,6.305476,0.00176476
智慧海洋技术,081905T,海洋工程类,工学,437,8,32,35,5359,5796.0,9.323951,0.00160869,3572,6.138809,0.00171859
海洋资源开发技术,081903T,海洋工程类,工学,437,6,32,35,5359,5796.0,9.323951,0.00160869,3572,6.138809,0.00171859
智能海洋装备,081906T,海洋工程类,工学,437,0,32,35,5359,5796.0,9.323951,0.00160869,3572,6.138809,0.00171859
海洋机器人,081904T,海洋工程类,工学,437,0,32,35,5359,5796.0,9.323951,0.00160869,3572,6.138809,0.00171859
弹药工程与爆炸技术,082104,兵器类,工学,433,18,18,35,5359,5792.0,10.046955,0.00173463,3567,6.340479,0.00177754
特种能源技术与工程,082105,兵器类,工学,428,7,18,35,5359,5787.0,9.791399,0.00169196,3565,6.646034,0.00186425
信息对抗技术,082107,兵器类,工学,424,8,18,35,5359,5783.0,8.091399,0.00139917,3562,5.196034,0.00145874
武器系统与工程,082101,兵器类,工学,424,3,18,35,5359,5783.0,8.091399,0.00139917,3562,5.196034,0.00145874
探测制导与控制技术,082103,兵器类,工学,424,0,18,35,5359,5783.0,8.091399,0.00139917,3562,5.196034,0.00145874
武器发射工程,082102,兵器类,工学,424,0,18,35,5359,5783.0,8.091399,0.00139917,3562,5.196034,0.00145874
装甲车辆工程,082106,兵器类,工学,424,0,18,35,5359,5783.0,8.091399,0.00139917,3562,5.196034,0.00145874
卫生监督,100404TK,公共卫生与预防医学类,医学,422,83,261,16,5359,5781.0,19.863422,0.00343598,3613,14.705459,0.00407015
民族学,030401,民族学类,法学,410,7,83,30,5359,5769.0,14.236259,0.00246772,3585,10.828403,0.00302047
海洋科学,070701,海洋科学类,理学,394,10,12,39,5359,5753.0,9.843868,0.00171108,3556,6.525067,0.00183495
服装与服饰设计,130505,设计学类,艺术学,382,35,189,16,5359,5741.0,20.74112,0.00361281,3548,13.131264,0.00370103
草业科学,090701,草学类,农学,377,9,144,18,5359,5736.0,11.837305,0.00206369,3552,8.306973,0.00233867
中药学,100801,中药学类,医学,376,14,187,16,5359,5735.0,14.012505,0.00244333,3586,9.967845,0.00277966
食品卫生与营养学,100402,公共卫生与预防医学类,医学,375,32,261,16,5359,5734.0,14.930965,0.00260394,3580,11.068241,0.00309169
草坪科学与工程,090702T,草学类,农学,369,0,144,18,5359,5728.0,11.642183,0.0020325,3544,8.111851,0.0022889
运动训练,040202K,体育学类,教育学,364,86,239,16,5359,5723.0,38.939808,0.00680409,3492,26.2486,0.00751678
防灾减灾科学与工程,070803T,地球物理学类,理学,361,28,98,39,5359,5720.0,12.341429,0.00215759,3547,8.81852,0.00248619
妇幼保健医学,100403TK,公共卫生与预防医学类,医学,350,6,261,16,5359,5709.0,13.298914,0.00232946,3556,9.507618,0.00267368
运动与公共健康,100406T,公共卫生与预防医学类,医学,347,1,261,16,5359,5706.0,13.348914,0.00233945,3553,9.557618,0.00269001
体能训练,040208T,体育学类,教育学,346,70,239,16,5359,5705.0,23.718578,0.00415751,3472,12.944037,0.00372812
全球健康学,100405TK,公共卫生与预防医学类,医学,346,0,261,16,5359,5705.0,13.015581,0.00228143,3552,9.224285,0.00259693
空间科学与技术,070802,地球物理学类,理学,344,4,98,39,5359,5703.0,10.220559,0.00179214,3532,6.898407,0.00195312
地球物理学,070801,地球物理学类,理学,342,13,98,39,5359,5701.0,10.13874,0.00177841,3531,6.907498,0.00195624
体育教育,040201,体育学类,教育学,340,65,239,16,5359,5699.0,24.503214,0.00429956,3477,15.793824,0.00454237
行星科学,070804TK,地球物理学类,理学,340,0,98,39,5359,5699.0,9.772074,0.0017147,3529,6.540831,0.00185345
文物与博物馆学,060104,历史学类,历史学,322,8,174,17,5359,5681.0,13.893994,0.0024457,3514,9.570059,0.00272341
运动康复,040206T,体育学类,教育学,319,41,239,16,5359,5678.0,19.017156,0.00334927,3463,10.7911,0.00311611
文物保护技术,060105T,历史学类,历史学,319,5,174,17,5359,5678.0,13.534095,0.0023836,3511,9.210161,0.00262323
考古学,060103,历史学类,历史学,317,4,173,17,5359,5676.0,13.272199,0.0023383,3509,8.948264,0.00255009
外国语言与外国历史,060106T,历史学类,历史学,314,2,172,17,5359,5673.0,12.949536,0.00228266,3506,8.625601,0.00246024
古文字学,060108T,历史学类,历史学,313,0,173,17,5359,5672.0,12.930668,0.00227974,3505,8.606733,0.00245556
世界史,060102,历史学类,历史学,312,0,172,17,5359,5671.0,12.892206,0.00227336,3504,8.568271,0.00244528
科学史,060109T,历史学类,历史学,312,0,172,17,5359,5671.0,12.892206,0.00227336,3504,8.568271,0.00244528
运动人体科学,040205,体育学类,教育学,304,26,239,16,5359,5663.0,16.625017,0.00293573,3453,9.323961,0.00270025
中西医临床医学,100601K,中西医结合类,医学,301,83,147,16,5359,5660.0,18.419101,0.00325426,3531,13.64071,0.00386313
武术与民族传统体育,040204K,体育学类,教育学,301,23,239,16,5359,5660.0,16.358351,0.00289017,3452,9.223961,0.00267206
社会体育指导与管理,040203,体育学类,教育学,299,20,239,16,5359,5658.0,14.888708,0.00263144,3454,9.349556,0.00270688
运动能力开发,040213T,体育学类,教育学,295,17,239,16,5359,5654.0,14.625017,0.00258667,3448,8.082295,0.00234405
俄语,050202,外国语言文学类,文学,291,63,74,22,5359,5650.0,30.76876,0.0054458,3488,19.72809,0.00565599
体育旅游,040212TK,体育学类,教育学,288,8,239,16,5359,5647.0,12.935213,0.00229063,3451,8.279395,0.00239913
冰雪运动,040209T,体育学类,教育学,286,6,239,16,5359,5645.0,13.386922,0.00237147,3445,7.731104,0.00224415
智能体育工程,040211TK,体育学类,教育学,284,4,239,16,5359,5643.0,12.6647,0.00224432,3445,7.508882,0.00217965
足球运动,040214TK,体育学类,教育学,282,2,239,16,5359,5641.0,12.336922,0.00218701,3445,7.681104,0.00222964
休闲体育,040207T,体育学类,教育学,281,2,239,16,5359,5640.0,12.053589,0.00213716,3444,7.397771,0.00214802
体育康养,040216T,体育学类,教育学,281,1,239,16,5359,5640.0,12.086922,0.00214307,3444,7.431104,0.0021577
缅甸语,050216,外国语言文学类,文学,280,35,76,22,5359,5639.0,25.336379,0.00449306,3491,17.399995,0.00498424
电子竞技运动与管理,040210TK,体育学类,教育学,280,0,239,16,5359,5639.0,11.886922,0.00210798,3443,7.231104,0.00210023
航空运动,040217TK,体育学类,教育学,280,0,239,16,5359,5639.0,11.886922,0.00210798,3443,7.231104,0.00210023
马术运动与管理,040215TK,体育学类,教育学,280,0,239,16,5359,5639.0,11.886922,0.00210798,3443,7.231104,0.00210023
老挝语,050215,外国语言文学类,文学,273,22,76,22,5359,5632.0,20.436379,0.00362862,3487,15.249995,0.00437339
泰语,050220,外国语言文学类,文学,272,21,76,22,5359,5631.0,17.336379,0.00307874,3485,12.883328,0.00369679
越南语,050223,外国语言文学类,文学,270,26,76,22,5359,5629.0,16.436379,0.00291995,3486,12.916662,0.0037053
中药制药,100805T,中药学类,医学,270,5,189,16,5359,5629.0,12.034832,0.00213801,3499,8.352326,0.00238706
中草药栽培与鉴定,100806T,中药学类,医学,270,1,190,16,5359,5629.0,12.034832,0.00213801,3499,8.352326,0.00238706
中药资源与开发,100802,中药学类,医学,270,1,190,16,5359,5629.0,12.034832,0.00213801,3499,8.352326,0.00238706
蒙药学,100804T,中药学类,医学,270,0,190,16,5359,5629.0,12.034832,0.00213801,3499,8.352326,0.00238706
藏药学,100803T,中药学类,医学,270,0,190,16,5359,5629.0,12.034832,0.00213801,3499,8.352326,0.00238706
法语,050204,外国语言文学类,文学,267,37,76,22,5359,5626.0,20.585426,0.00365898,3476,13.62809,0.00392062
朝鲜语,050209,外国语言文学类,文学,266,36,76,22,5359,5625.0,29.005716,0.00515657,3478,20.671569,0.00594352
马来语,050217,外国语言文学类,文学,266,9,76,22,5359,5625.0,12.569712,0.00223462,3479,8.533328,0.00245281
西班牙语,050205,外国语言文学类,文学,264,34,76,22,5359,5623.0,20.755716,0.00369122,3476,13.004902,0.00374134
印度尼西亚语,050212,外国语言文学类,文学,264,7,76,22,5359,5623.0,11.690002,0.00207896,3479,8.293473,0.00238387
环境设计,130503,设计学类,艺术学,260,39,189,16,5359,5619.0,21.81863,0.00388301,3477,13.86024,0.00398626
柬埔寨语,050214,外国语言文学类,文学,260,7,76,22,5359,5619.0,10.869712,0.00193446,3477,7.683328,0.00220976
阿拉伯语,050206,外国语言文学类,文学,257,27,76,22,5359,5616.0,16.902093,0.00300963,3472,11.27809,0.0032483
海洋技术,070702,海洋科学类,理学,254,12,12,39,5359,5613.0,9.52096,0.00169623,3477,6.239542,0.00179452
日语,050207,外国语言文学类,文学,252,24,74,22,5359,5611.0,14.21876,0.00253409,3466,9.261424,0.00267208
海洋资源与环境,070703T,海洋科学类,理学,252,9,12,39,5359,5611.0,9.004293,0.00160476,3476,6.056209,0.00174229
新媒体艺术,130511T,设计学类,艺术学,250,28,190,16,5359,5609.0,16.726107,0.00298201,3480,12.479683,0.00358612
海洋科学与技术,070705T,海洋科学类,理学,250,2,12,39,5359,5609.0,8.604293,0.00153402,3474,5.656209,0.00162815
军事海洋学,070704T,海洋科学类,理学,250,0,12,39,5359,5609.0,8.604293,0.00153402,3474,5.656209,0.00162815
蒙古语,050218,外国语言文学类,文学,249,19,76,22,5359,5608.0,13.91235,0.0024808,3463,8.87168,0.00256185
德语,050203,外国语言文学类,文学,247,17,76,22,5359,5606.0,12.16876,0.00217067,3463,8.211424,0.00237119
视觉传达设计,130502,设计学类,艺术学,246,24,190,16,5359,5605.0,15.676724,0.00279692,3474,10.941411,0.00314951
葡萄牙语,050232,外国语言文学类,文学,245,15,76,22,5359,5604.0,13.96876,0.00249264,3461,8.994757,0.00259889
数字媒体艺术,130508,设计学类,艺术学,243,21,190,16,5359,5602.0,14.871297,0.00265464,3473,10.624873,0.00305928
乌尔都语,050221,外国语言文学类,文学,237,7,76,22,5359,5596.0,9.002093,0.00160867,3454,5.211424,0.00150881
普什图语,050240,外国语言文学类,文学,235,5,76,22,5359,5594.0,8.335426,0.00149007,3453,4.87809,0.00141271
菲律宾语,050210,外国语言文学类,文学,234,4,76,22,5359,5593.0,7.755716,0.00138668,3454,4.838235,0.00140076
土耳其语,050235,外国语言文学类,文学,233,3,76,22,5359,5592.0,9.002093,0.00160982,3454,5.961424,0.00172595
意大利语,050238,外国语言文学类,文学,233,3,76,22,5359,5592.0,10.502093,0.00187806,3455,7.711424,0.00223196
哈萨克语,050257,外国语言文学类,文学,232,2,76,22,5359,5591.0,8.002093,0.00143125,3453,4.961424,0.00143684
希伯来语,050222,外国语言文学类,文学,232,2,76,22,5359,5591.0,7.835426,0.00140144,3453,4.87809,0.00141271
波斯语,050208,外国语言文学类,文学,232,2,76,22,5359,5591.0,7.66876,0.00137163,3453,4.794757,0.00138858
匈牙利语,050237,外国语言文学类,文学,231,1,76,22,5359,5590.0,8.502093,0.00152095,3453,5.711424,0.00165405
尼泊尔语,050243,外国语言文学类,文学,231,1,76,22,5359,5590.0,8.502093,0.00152095,3453,5.711424,0.00165405
波兰语,050228,外国语言文学类,文学,231,1,76,22,5359,5590.0,8.502093,0.00152095,3453,5.711424,0.00165405
世界语,050241,外国语言文学类,文学,230,0,76,22,5359,5589.0,7.502093,0.0013423,3452,4.711424,0.00136484
丹麦语,050249,外国语言文学类,文学,230,0,76,22,5359,5589.0,7.502093,0.0013423,3452,4.711424,0.00136484
乌克兰语,050247,外国语言文学类,文学,230,0,76,22,5359,5589.0,7.502093,0.0013423,3452,4.711424,0.00136484
乌兹别克语,050258,外国语言文学类,文学,230,0,76,22,5359,5589.0,7.502093,0.0013423,3452,4.711424,0.00136484
亚美尼亚语,050269T,外国语言文学类,文学,230,0,76,22,5359,5589.0,7.502093,0.0013423,3452,4.711424,0.00136484
保加利亚语,050227,外国语言文学类,文学,230,0,76,22,5359,5589.0,7.502093,0.0013423,3452,4.711424,0.00136484
僧伽罗语,050219,外国语言文学类,文学,230,0,76,22,5359,5589.0,7.502093,0.0013423,3452,4.711424,0.00136484
克罗地亚语,050244,外国语言文学类,文学,230,0,76,22,5359,5589.0,7.502093,0.0013423,3452,4.711424,0.00136484
克里奥尔语,050279T,外国语言文学类,文学,230,0,76,22,5359,5589.0,7.502093,0.0013423,3452,4.711424,0.00136484
冰岛语,050250,外国语言文学类,文学,230,0,76,22,5359,5589.0,7.502093,0.0013423,3452,4.711424,0.00136484
切瓦语,050298T,外国语言文学类,文学,230,0,76,22,5359,5589.0,7.502093,0.0013423,3452,4.711424,0.00136484
加泰罗尼亚语,050267T,外国语言文学类,文学,230,0,76,22,5359,5589.0,7.502093,0.0013423,3452,4.711424,0.00136484
卢旺达语,050295T,外国语言文学类,文学,230,0,76,22,5359,5589.0,7.502093,0.0013423,3452,4.711424,0.00136484
卢森堡语,050294T,外国语言文学类,文学,230,0,76,22,5359,5589.0,7.502093,0.0013423,3452,4.711424,0.00136484
印地语,050213,外国语言文学类,文学,230,0,76,22,5359,5589.0,7.502093,0.0013423,3452,4.711424,0.00136484
吉尔吉斯语,050264T,外国语言文学类,文学,230,0,76,22,5359,5589.0,7.502093,0.0013423,3452,4.711424,0.00136484
土库曼语,050266T,外国语言文学类,文学,230,0,76,22,5359,5589.0,7.502093,0.0013423,3452,4.711424,0.00136484
塔吉克语,050275T,外国语言文学类,文学,230,0,76,22,5359,5589.0,7.502093,0.0013423,3452,4.711424,0.00136484
塞尔维亚语,050234,外国语言文学类,文学,230,0,76,22,5359,5589.0,7.502093,0.0013423,3452,4.711424,0.00136484
塞苏陀语,050299T,外国语言文学类,文学,230,0,76,22,5359,5589.0,7.502093,0.0013423,3452,4.711424,0.00136484
孟加拉语,050242,外国语言文学类,文学,230,0,76,22,5359,5589.0,7.502093,0.0013423,3452,4.711424,0.00136484
希腊语,050236,外国语言文学类,文学,230,0,76,22,5359,5589.0,7.502093,0.0013423,3452,4.711424,0.00136484
库克群岛毛利语,050292T,外国语言文学类,文学,230,0,76,22,5359,5589.0,7.502093,0.0013423,3452,4.711424,0.00136484
库尔德语,050286T,外国语言文学类,文学,230,0,76,22,5359,5589.0,7.502093,0.0013423,3452,4.711424,0.00136484
德顿语,050289T,外国语言文学类,文学,230,0,76,22,5359,5589.0,7.502093,0.0013423,3452,4.711424,0.00136484
恩德贝莱语,050277T,外国语言文学类,文学,230,0,76,22,5359,5589.0,7.502093,0.0013423,3452,4.711424,0.00136484
拉丁语,050260,外国语言文学类,文学,230,0,76,22,5359,5589.0,7.502093,0.0013423,3452,4.711424,0.00136484
拉脱维亚语,050252,外国语言文学类,文学,230,0,76,22,5359,5589.0,7.502093,0.0013423,3452,4.711424,0.00136484
挪威语,050248,外国语言文学类,文学,230,0,76,22,5359,5589.0,7.502093,0.0013423,3452,4.711424,0.00136484
捷克语,050229,外国语言文学类,文学,230,0,76,22,5359,5589.0,7.502093,0.0013423,3452,4.711424,0.00136484
提格雷尼亚语,050281T,外国语言文学类,文学,230,0,76,22,5359,5589.0,7.502093,0.0013423,3452,4.711424,0.00136484
斐济语,050291T,外国语言文学类,文学,230,0,76,22,5359,5589.0,7.502093,0.0013423,3452,4.711424,0.00136484
斯洛伐克语,050230,外国语言文学类,文学,230,0,76,22,5359,5589.0,7.502093,0.0013423,3452,4.711424,0.00136484
斯洛文尼亚语,050254,外国语言文学类,文学,230,0,76,22,5359,5589.0,7.502093,0.0013423,3452,4.711424,0.00136484
斯瓦希里语,050225,外国语言文学类,文学,230,0,76,22,5359,5589.0,7.502093,0.0013423,3452,4.711424,0.00136484
格鲁吉亚语,050271T,外国语言文学类,文学,230,0,76,22,5359,5589.0,7.502093,0.0013423,3452,4.711424,0.00136484
桑戈语,050200T,外国语言文学类,文学,230,0,76,22,5359,5589.0,7.502093,0.0013423,3452,4.711424,0.00136484
梵语巴利语,050211,外国语言文学类,文学,230,0,76,22,5359,5589.0,7.502093,0.0013423,3452,4.711424,0.00136484
比斯拉马语,050287T,外国语言文学类,文学,230,0,76,22,5359,5589.0,7.502093,0.0013423,3452,4.711424,0.00136484
毛利语,050283T,外国语言文学类,文学,230,0,76,22,5359,5589.0,7.502093,0.0013423,3452,4.711424,0.00136484
汤加语,050284T,外国语言文学类,文学,230,0,76,22,5359,5589.0,7.502093,0.0013423,3452,4.711424,0.00136484
泰米尔语,050239,外国语言文学类,文学,230,0,76,22,5359,5589.0,7.502093,0.0013423,3452,4.711424,0.00136484
爱尔兰语,050251,外国语言文学类,文学,230,0,76,22,5359,5589.0,7.502093,0.0013423,3452,4.711424,0.00136484
爱沙尼亚语,050255,外国语言文学类,文学,230,0,76,22,5359,5589.0,7.502093,0.0013423,3452,4.711424,0.00136484
瑞典语,050233,外国语言文学类,文学,230,0,76,22,5359,5589.0,7.502093,0.0013423,3452,4.711424,0.00136484
白俄罗斯语,050282T,外国语言文学类,文学,230,0,76,22,5359,5589.0,7.502093,0.0013423,3452,4.711424,0.00136484
皮金语,050297T,外国语言文学类,文学,230,0,76,22,5359,5589.0,7.502093,0.0013423,3452,4.711424,0.00136484
祖鲁语,050259,外国语言文学类,文学,230,0,76,22,5359,5589.0,7.502093,0.0013423,3452,4.711424,0.00136484
科摩罗语,050278T,外国语言文学类,文学,230,0,76,22,5359,5589.0,7.502093,0.0013423,3452,4.711424,0.00136484
立陶宛语,050253,外国语言文学类,文学,230,0,76,22,5359,5589.0,7.502093,0.0013423,3452,4.711424,0.00136484
索马里语,050265T,外国语言文学类,文学,230,0,76,22,5359,5589.0,7.502093,0.0013423,3452,4.711424,0.00136484
约鲁巴语,050268T,外国语言文学类,文学,230,0,76,22,5359,5589.0,7.502093,0.0013423,3452,4.711424,0.00136484
纽埃语,050296T,外国语言文学类,文学,230,0,76,22,5359,5589.0,7.502093,0.0013423,3452,4.711424,0.00136484
绍纳语,050280T,外国语言文学类,文学,230,0,76,22,5359,5589.0,7.502093,0.0013423,3452,4.711424,0.00136484
罗马尼亚语,050231,外国语言文学类,文学,230,0,76,22,5359,5589.0,7.502093,0.0013423,3452,4.711424,0.00136484
芬兰语,050246,外国语言文学类,文学,230,0,76,22,5359,5589.0,7.502093,0.0013423,3452,4.711424,0.00136484
茨瓦纳语,050276T,外国语言文学类,文学,230,0,76,22,5359,5589.0,7.502093,0.0013423,3452,4.711424,0.00136484
荷兰语,050245,外国语言文学类,文学,230,0,76,22,5359,5589.0,7.502093,0.0013423,3452,4.711424,0.00136484
萨摩亚语,050285T,外国语言文学类,文学,230,0,76,22,5359,5589.0,7.502093,0.0013423,3452,4.711424,0.00136484
豪萨语,050224,外国语言文学类,文学,230,0,76,22,5359,5589.0,7.502093,0.0013423,3452,4.711424,0.00136484
达里语,050288T,外国语言文学类,文学,230,0,76,22,5359,5589.0,7.502093,0.0013423,3452,4.711424,0.00136484
迪维希语,050290T,外国语言文学类,文学,230,0,76,22,5359,5589.0,7.502093,0.0013423,3452,4.711424,0.00136484
阿塞拜疆语,050272T,外国语言文学类,文学,230,0,76,22,5359,5589.0,7.502093,0.0013423,3452,4.711424,0.00136484
阿姆哈拉语,050263T,外国语言文学类,文学,230,0,76,22,5359,5589.0,7.502093,0.0013423,3452,4.711424,0.00136484
阿尔巴尼亚语,050226,外国语言文学类,文学,230,0,76,22,5359,5589.0,7.502093,0.0013423,3452,4.711424,0.00136484
阿非利卡语,050273T,外国语言文学类,文学,230,0,76,22,5359,5589.0,7.502093,0.0013423,3452,4.711424,0.00136484
隆迪语,050293T,外国语言文学类,文学,230,0,76,22,5359,5589.0,7.502093,0.0013423,3452,4.711424,0.00136484
马其顿语,050274T,外国语言文学类,文学,230,0,76,22,5359,5589.0,7.502093,0.0013423,3452,4.711424,0.00136484
马耳他语,050256,外国语言文学类,文学,230,0,76,22,5359,5589.0,7.502093,0.0013423,3452,4.711424,0.00136484
马达加斯加语,050270T,外国语言文学类,文学,230,0,76,22,5359,5589.0,7.502093,0.0013423,3452,4.711424,0.00136484
产品设计,130504,设计学类,艺术学,229,7,190,16,5359,5588.0,12.761674,0.00228376,3460,8.560426,0.00247411
天文学,070401,天文学类,理学,228,0,0,39,5359,5587.0,7.208139,0.00129016,3456,4.561354,0.00131984
艺术设计学,130501,设计学类,艺术学,225,3,190,16,5359,5584.0,11.88707,0.00212877,3457,7.82868,0.00226459
包装设计,130512T,设计学类,艺术学,223,1,190,16,5359,5582.0,11.714848,0.00209868,3455,7.656458,0.00221605
工艺美术,130507,设计学类,艺术学,223,1,190,16,5359,5582.0,11.664848,0.00208973,3455,7.606458,0.00220158
艺术与科技,130509T,设计学类,艺术学,223,1,190,16,5359,5582.0,11.510303,0.00206204,3455,7.451912,0.00215685
人居设计,130514T,设计学类,艺术学,222,0,190,16,5359,5581.0,11.464848,0.00205426,3454,7.406458,0.00214431
游戏艺术设计,130515TK,设计学类,艺术学,222,0,190,16,5359,5581.0,11.464848,0.00205426,3454,7.406458,0.00214431
公共艺术,130506,设计学类,艺术学,221,0,189,16,5359,5580.0,11.435436,0.00204936,3453,7.377046,0.00213642
珠宝首饰设计与工艺,130513TK,设计学类,艺术学,220,0,188,16,5359,5579.0,11.409795,0.00204513,3452,7.351405,0.00212961
陶瓷艺术设计,130510TK,设计学类,艺术学,219,0,187,16,5359,5578.0,11.380384,0.00204023,3451,7.321993,0.0021217
广播电视编导,130305,戏剧与影视学类,艺术学,215,73,103,16,5359,5574.0,19.868605,0.00356451,3466,15.574743,0.00449358
播音与主持艺术,130309,戏剧与影视学类,艺术学,205,52,103,16,5359,5564.0,23.343064,0.00419537,3455,18.071064,0.00523041
影视摄影与制作,130311T,戏剧与影视学类,艺术学,199,58,103,16,5359,5558.0,18.154906,0.00326645,3447,12.294377,0.00356669
戏剧影视导演,130306,戏剧与影视学类,艺术学,160,3,103,16,5359,5519.0,11.002115,0.0019935,3420,7.792752,0.00227858
戏剧影视文学,130304,戏剧与影视学类,艺术学,158,1,103,16,5359,5517.0,10.819575,0.00196113,3418,7.610212,0.00222651
影视技术,130312T,戏剧与影视学类,艺术学,152,18,101,16,5359,5511.0,11.339716,0.00205765,3412,7.793814,0.00228424
表演,130301,戏剧与影视学类,艺术学,149,14,102,16,5359,5508.0,12.320366,0.00223681,3406,7.986003,0.00234469
动画,130310,戏剧与影视学类,艺术学,143,9,101,16,5359,5502.0,10.13464,0.00184199,3405,7.088738,0.00208186
音乐剧,130315TK,戏剧与影视学类,艺术学,139,4,102,16,5359,5498.0,9.203483,0.00167397,3398,5.833406,0.00171672
戏剧影视美术设计,130307,戏剧与影视学类,艺术学,137,3,101,16,5359,5496.0,8.929037,0.00162464,3399,5.883136,0.00173084
戏剧学,130302,戏剧与影视学类,艺术学,137,1,103,16,5359,5496.0,8.820089,0.00160482,3398,5.735726,0.00168797
录音艺术,130308,戏剧与影视学类,艺术学,136,1,102,16,5359,5495.0,8.774912,0.00159689,3397,5.690548,0.00167517
数字戏剧,130316T,戏剧与影视学类,艺术学,136,0,103,16,5359,5495.0,8.708978,0.00158489,3397,5.624614,0.00165576
数字演艺设计,130317T,戏剧与影视学类,艺术学,136,0,103,16,5359,5495.0,8.708978,0.00158489,3397,5.624614,0.00165576
智能影像艺术,130318T,戏剧与影视学类,艺术学,136,0,103,16,5359,5495.0,8.708978,0.00158489,3397,5.624614,0.00165576
电影学,130303,戏剧与影视学类,艺术学,135,1,101,16,5359,5494.0,8.694555,0.00158255,3397,5.648653,0.00166284
戏剧教育,130313T,戏剧与影视学类,艺术学,135,0,102,16,5359,5494.0,8.632055,0.00157118,3396,5.547691,0.0016336
曲艺,130314TK,戏剧与影视学类,艺术学,135,0,102,16,5359,5494.0,8.632055,0.00157118,3396,5.547691,0.0016336
音乐表演,130201,音乐与舞蹈学类,艺术学,108,28,48,16,5359,5467.0,13.306476,0.00243396,3373,8.04938,0.00238642
舞蹈表演,130204,音乐与舞蹈学类,艺术学,98,18,48,16,5359,5457.0,11.69628,0.00214335,3368,7.466107,0.00221678
音乐教育,130212T,音乐与舞蹈学类,艺术学,96,16,48,16,5359,5455.0,11.417276,0.00209299,3365,6.997817,0.00207959
口腔医学,100301K,口腔医学类,医学,93,15,9,16,5359,5452.0,10.196655,0.00187026,3370,7.47374,0.00221773
音乐学,130202,音乐与舞蹈学类,艺术学,92,12,48,16,5359,5451.0,9.836179,0.00180447,3364,6.281006,0.00186712
舞蹈编导,130206,音乐与舞蹈学类,艺术学,89,9,48,16,5359,5448.0,9.262947,0.00170025,3362,5.832774,0.00173491
舞蹈学,130205,音乐与舞蹈学类,艺术学,87,7,48,16,5359,5446.0,9.105371,0.00167194,3360,5.625198,0.00167417
舞蹈教育,130207T,音乐与舞蹈学类,艺术学,82,2,48,16,5359,5441.0,8.367276,0.00153782,3357,5.172817,0.0015409
流行舞蹈,130211T,音乐与舞蹈学类,艺术学,80,0,48,16,5359,5439.0,7.867276,0.00144646,3356,4.922817,0.00146687
流行音乐,130209T,音乐与舞蹈学类,艺术学,80,0,48,16,5359,5439.0,7.867276,0.00144646,3356,4.922817,0.00146687
舞蹈治疗,130214TK,音乐与舞蹈学类,艺术学,80,0,48,16,5359,5439.0,7.867276,0.00144646,3356,4.922817,0.00146687
音乐治疗,130210T,音乐与舞蹈学类,艺术学,80,0,48,16,5359,5439.0,7.867276,0.00144646,3356,4.922817,0.00146687
音乐科技,130215T,音乐与舞蹈学类,艺术学,80,0,48,16,5359,5439.0,7.867276,0.00144646,3356,4.922817,0.00146687
作曲与作曲技术理论,130203,音乐与舞蹈学类,艺术学,78,0,46,16,5359,5437.0,7.790353,0.00143284,3355,4.884356,0.00145584
冰雪舞蹈表演,130213TK,音乐与舞蹈学类,艺术学,78,0,46,16,5359,5437.0,7.790353,0.00143284,3355,4.884356,0.00145584
航空服务艺术与管理,130208TK,音乐与舞蹈学类,艺术学,77,0,45,16,5359,5436.0,7.754639,0.00142653,3354,4.848641,0.00144563
摄影,130404,美术学类,艺术学,68,13,21,16,5359,5427.0,9.173618,0.00169037,3356,6.212584,0.00185119
美术学,130401,美术学类,艺术学,60,7,21,16,5359,5419.0,8.057218,0.00148685,3348,4.954518,0.00147984
绘画,130402,美术学类,艺术学,58,5,20,16,5359,5417.0,8.064911,0.00148881,3349,5.56221,0.00166086
书法学,130405T,美术学类,艺术学,58,4,20,16,5359,5417.0,7.781577,0.00143651,3346,4.678877,0.00139835
文物保护与修复,130409T,美术学类,艺术学,57,3,20,16,5359,5416.0,7.13563,0.00131751,3348,4.63293,0.00138379
实验艺术,130407TK,美术学类,艺术学,55,0,21,16,5359,5414.0,7.007218,0.00129428,3346,4.504518,0.00134624
漫画,130410T,美术学类,艺术学,55,0,21,16,5359,5414.0,7.007218,0.00129428,3346,4.504518,0.00134624
科技艺术,130412TK,美术学类,艺术学,55,0,21,16,5359,5414.0,7.007218,0.00129428,3346,4.504518,0.00134624
美术教育,130413TK,美术学类,艺术学,55,0,21,16,5359,5414.0,7.007218,0.00129428,3346,4.504518,0.00134624
虚拟空间艺术,130414T,美术学类,艺术学,55,0,21,16,5359,5414.0,7.007218,0.00129428,3346,4.504518,0.00134624
跨媒体艺术,130408TK,美术学类,艺术学,55,0,21,16,5359,5414.0,7.007218,0.00129428,3346,4.504518,0.00134624
中国画,130406T,美术学类,艺术学,54,0,20,16,5359,5413.0,6.981577,0.00128978,3345,4.478877,0.00133898
纤维艺术,130411T,美术学类,艺术学,54,0,20,16,5359,5413.0,6.981577,0.00128978,3345,4.478877,0.00133898
雕塑,130403,美术学类,艺术学,54,0,20,16,5359,5413.0,6.981577,0.00128978,3345,4.478877,0.00133898
非物质文化遗产保护,130103T,艺术学理论类,艺术学,46,4,9,16,5359,5405.0,7.118365,0.001317,3339,4.656171,0.00139448
艺术管理,130102T,艺术学理论类,艺术学,45,3,9,16,5359,5404.0,7.107376,0.00131521,3338,4.645182,0.00139161
艺术史论,130101,艺术学理论类,艺术学,43,0,9,16,5359,5402.0,6.853407,0.00126868,3336,4.391214,0.00131631
