专业,专业代码,所属专业类,所属学科门类,专业相关招录人数,直接对口招录人数,专业类共享招录人数,学科门类共享招录人数,专业不限招录人数
法学,030101K,法学类,法学,7467,631,5625,0,5355
监狱学,030103T,法学类,法学,6896,110,5655,0,5355
纪检监察,030108TK,法学类,法学,6865,87,5660,0,5355
知识产权,030102T,法学类,法学,6835,283,5639,0,5355
司法警察学,030106TK,法学类,法学,6831,47,5656,0,5355
信用风险管理与法律防控,030104T,法学类,法学,6828,22,5651,0,5355
社区矫正,030107TK,法学类,法学,6826,33,5659,0,5355
国际经贸规则,030105T,法学类,法学,6820,4,5642,0,5355
司法鉴定学,030110TK,法学类,法学,6810,17,5660,0,5355
国家安全学,030111TK,法学类,法学,6810,9,5661,0,5355
海外利益安全,030112TK,法学类,法学,6809,1,5661,0,5355
国际法,030109TK,法学类,法学,6800,68,5652,0,5355
会计学,120203K,工商管理类,管理学,4565,1188,1991,9,5355
财务管理,120204,工商管理类,管理学,4451,1024,1991,9,5355
数据科学与大数据技术,080910T,计算机类,工学,4432,263,2812,3,5355
计算机科学与技术,080901,计算机类,工学,4359,397,2807,3,5355
审计学,120207,工商管理类,管理学,4242,963,1994,9,5355
软件工程,080902,计算机类,工学,4143,304,2809,3,5355
经济学,020101,经济学类,经济学,3915,231,2426,0,5355
信息安全,080904K,计算机类,工学,3782,220,2812,3,5355
网络空间安全,080911TK,计算机类,工学,3747,169,2812,3,5355
数字媒体技术,080906,计算机类,工学,3711,60,2798,3,5355
网络工程,080903,计算机类,工学,3699,250,2812,3,5355
新媒体技术,080912T,计算机类,工学,3696,52,2795,3,5355
电子与计算机工程,080909T,计算机类,工学,3538,125,2812,3,5355
智能科学与技术,080907T,计算机类,工学,3492,62,2810,3,5355
空间信息与数字技术,080908T,计算机类,工学,3480,48,2811,3,5355
物联网工程,080905,计算机类,工学,3478,46,2811,3,5355
经济统计学,020102,经济学类,经济学,3465,77,2430,0,5355
区块链工程,080917T,计算机类,工学,3451,19,2812,3,5355
密码科学与技术,080918TK,计算机类,工学,3444,6,2812,3,5355
保密技术,080914TK,计算机类,工学,3443,11,2812,3,5355
工业软件,080919T,计算机类,工学,3440,0,2810,3,5355
土木工程,081001,土木类,工学,3413,208,2043,3,5355
金融学,020301K,金融学类,经济学,3412,274,1613,0,5355
工程管理,120103,管理科学与工程类,管理学,3362,162,1020,9,5355
工程造价,120105,管理科学与工程类,管理学,3356,152,1020,9,5355
财政学,020201K,财政学类,经济学,3328,342,1434,0,5355
工程审计,120109T,管理科学与工程类,管理学,3319,123,1020,9,5355
虚拟现实技术,080916T,计算机类,工学,3308,7,2805,3,5355
服务科学与工程,080915T,计算机类,工学,3308,5,2807,3,5355
电影制作,080913T,计算机类,工学,3288,5,2787,3,5355
税收学,020202,财政学类,经济学,3283,91,1446,0,5355
内部审计,120218T,工商管理类,管理学,3246,121,1997,9,5355
财务会计教育,120213T,工商管理类,管理学,3245,200,1995,9,5355
数字经济,020109T,经济学类,经济学,3125,37,2431,0,5355
城乡规划,082802,建筑类,工学,3086,182,1872,3,5355
国民经济管理,020103T,经济学类,经济学,3027,27,2431,0,5355
能源经济,020106T,经济学类,经济学,3027,11,2432,0,5355
资源与环境经济学,020104T,经济学类,经济学,3027,9,2431,0,5355
商务经济学,020105T,经济学类,经济学,3026,13,2430,0,5355
劳动经济学,020107T,经济学类,经济学,3024,3,2432,0,5355
经济工程,020108T,经济学类,经济学,3023,7,2430,0,5355
经济与金融,020307T,金融学类,经济学,2879,62,1619,0,5355
金融工程,020302,金融学类,经济学,2866,45,1622,0,5355
土地资源管理,120404,公共管理类,管理学,2846,133,1274,9,5355
国际税收,020203TK,财政学类,经济学,2728,4,1451,0,5355
建筑学,082801,建筑类,工学,2694,88,1871,3,5355
给排水科学与工程,081003,土木类,工学,2618,49,2045,3,5355
文化产业管理,120210,工商管理类,管理学,2610,42,1996,9,5355
电子信息工程,080701,电子信息类,工学,2599,127,1510,3,5355
道路桥梁与渡河工程,081006T,土木类,工学,2594,35,2045,3,5355
建筑环境与能源应用工程,081002,土木类,工学,2567,24,2045,3,5355
城市水系统工程,081011T,土木类,工学,2556,15,2045,3,5355
人工智能,080717T,电子信息类,工学,2537,105,1510,3,5355
电子信息科学与技术,080714T,电子信息类,工学,2516,101,1510,3,5355
市场营销,120202,工商管理类,管理学,2516,22,1997,9,5355
通信工程,080703,电子信息类,工学,2507,82,1510,3,5355
汉语言文学,050101,中国语言文学类,文学,2502,320,1681,1,5355
信息工程,080706,电子信息类,工学,2502,77,1510,3,5355
资产评估,120208,工商管理类,管理学,2476,73,1997,9,5355
风景园林,082803,建筑类,工学,2468,19,1866,3,5355
国际商务,120205,工商管理类,管理学,2467,23,1998,9,5355
人力资源管理,120206,工商管理类,管理学,2462,55,1997,9,5355
土木、水利与交通工程,081010T,土木类,工学,2444,22,2045,3,5355
劳动关系,120211T,工商管理类,管理学,2443,25,1997,9,5355
工商管理,120201K,工商管理类,管理学,2437,129,1990,9,5355
建筑电气与智能化,081004,土木类,工学,2436,14,2045,3,5355
城市地下空间工程,081005T,土木类,工学,2434,13,2044,3,5355
智能建造,081008T,土木类,工学,2432,10,2045,3,5355
土木、水利与海洋工程,081009T,土木类,工学,2430,8,2045,3,5355
智能建造与智慧交通,081012T,土木类,工学,2430,8,2045,3,5355
工程软件,081013T,土木类,工学,2423,2,2044,3,5355
铁道工程,081007T,土木类,工学,2420,0,2043,3,5355
体育经济与管理,120212T,工商管理类,管理学,2413,7,1996,9,5355
物业管理,120209,工商管理类,管理学,2413,6,1998,9,5355
新闻学,050301,新闻传播学类,文学,2411,212,1236,1,5355
创业管理,120216T,工商管理类,管理学,2409,2,1997,9,5355
零售业管理,120215T,工商管理类,管理学,2407,3,1996,9,5355
市场营销教育,120214T,工商管理类,管理学,2407,1,1996,9,5355
海关稽查,120217TK,工商管理类,管理学,2407,1,1996,9,5355
国际经济与贸易,020401,经济与贸易类,经济学,2346,27,876,0,5355
传播学,050304,新闻传播学类,文学,2342,97,1236,1,5355
网络与新媒体,050306T,新闻传播学类,文学,2338,100,1236,1,5355
秘书学,050107T,中国语言文学类,文学,2314,190,1681,1,5355
汉语言,050102,中国语言文学类,文学,2308,189,1681,1,5355
城市设计,082806T,建筑类,工学,2295,50,1872,3,5355
广播电视学,050302,新闻传播学类,文学,2278,29,1236,1,5355
智慧建筑与建造,082807T,建筑类,工学,2269,11,1872,3,5355
人居环境科学与技术,082805T,建筑类,工学,2269,9,1872,3,5355
历史建筑保护工程,082804T,建筑类,工学,2263,5,1866,3,5355
测绘工程,081201,测绘类,工学,2262,72,761,3,5355
金融审计,020311TK,金融学类,经济学,2262,57,1623,0,5355
应用语言学,050106T,中国语言文学类,文学,2252,93,1681,1,5355
互联网金融,020309T,金融学类,经济学,2236,18,1628,0,5355
投资学,020304,金融学类,经济学,2233,18,1623,0,5355
金融数学,020305T,金融学类,经济学,2231,14,1628,0,5355
精算学,020308T,金融学类,经济学,2231,7,1628,0,5355
保险学,020303,金融学类,经济学,2230,5,1626,0,5355
信用管理,020306T,金融学类,经济学,2230,5,1626,0,5355
金融科技,020310T,金融学类,经济学,2229,10,1628,0,5355
中国语言与文化,050108T,中国语言文学类,文学,2211,31,1681,1,5355
应用中文,050113T,中国语言文学类,文学,2200,30,1681,1,5355
汉语国际教育,050103,中国语言文学类,文学,2185,4,1680,1,5355
贸易经济,020402,经济与贸易类,经济学,2149,10,876,0,5355
机械工程,080201,机械类,工学,2122,52,1245,3,5355
自动化,080801,自动化类,工学,2076,23,701,3,5355
统计学,071201,统计学类,理学,2062,80,937,10,5355
应用统计学,071202,统计学类,理学,2057,36,940,10,5355
机器人工程,080803T,自动化类,工学,2057,7,703,3,5355
数据科学,071203T,统计学类,理学,2055,13,944,10,5355
水利水电工程,081101,水利类,工学,2030,37,917,3,5355
交通管理,120407T,公共管理类,管理学,2022,13,1274,9,5355
水文与水资源工程,081102,水利类,工学,2013,19,917,3,5355
电子科学与技术,080702,电子信息类,工学,1975,87,1509,3,5355
农业资源与环境,090201,自然保护与环境生态类,农学,1941,37,803,2,5355
应急管理,120111T,管理科学与工程类,管理学,1933,42,1020,9,5355
光电信息科学与工程,080705,电子信息类,工学,1926,16,1510,3,5355
微电子科学与工程,080704,电子信息类,工学,1916,4,1510,3,5355
环境工程,082502,环境科学与工程类,工学,1915,65,1020,3,5355
集成电路设计与集成系统,080710T,电子信息类,工学,1914,2,1510,3,5355
智能测控工程,080720T,电子信息类,工学,1878,9,1510,3,5355
智能视觉工程,080721T,电子信息类,工学,1876,7,1510,3,5355
电信工程及管理,080715T,电子信息类,工学,1874,5,1510,3,5355
医学信息工程,080711T,电子信息类,工学,1873,4,1510,3,5355
智能视听工程,080722T,电子信息类,工学,1873,4,1510,3,5355
电磁场与无线技术,080712T,电子信息类,工学,1871,2,1510,3,5355
广播电视工程,080707T,电子信息类,工学,1869,0,1510,3,5355
应用电子技术教育,080716T,电子信息类,工学,1869,0,1510,3,5355
柔性电子学,080719T,电子信息类,工学,1869,0,1510,3,5355
水声工程,080708T,电子信息类,工学,1869,0,1510,3,5355
海洋信息工程,080718T,电子信息类,工学,1869,0,1510,3,5355
电子封装技术,080709T,电子信息类,工学,1869,0,1510,3,5355
电波传播与天线,080713T,电子信息类,工学,1869,0,1510,3,5355
车辆工程,080207,机械类,工学,1847,16,1247,3,5355
古典文献学,050105,中国语言文学类,文学,1820,3,1681,1,5355
汉学与中国学,050112T,中国语言文学类,文学,1819,2,1681,1,5355
中国古典学,050111T,中国语言文学类,文学,1816,0,1680,1,5355
水务工程,081104T,水利类,工学,1815,13,917,3,5355
数字人文,050110T,中国语言文学类,文学,1811,0,1675,1,5355
手语翻译,050109T,中国语言文学类,文学,1804,0,1668,1,5355
环境科学,082503,环境科学与工程类,工学,1801,50,1020,3,5355
中国少数民族语言文学,050104,中国语言文学类,文学,1784,2,1646,1,5355
遥感科学与技术,081202,测绘类,工学,1780,17,761,3,5355
思想政治教育,030503,马克思主义理论类,法学,1768,28,751,0,5355
信息与计算科学,070102,数学类,理学,1766,39,254,10,5355
安全工程,082901,安全科学与工程类,工学,1761,60,966,3,5355
数据计算及应用,070104T,数学类,理学,1754,27,254,10,5355
机械电子工程,080204,机械类,工学,1752,28,1247,3,5355
农学,090101,植物生产类,农学,1751,62,548,0,5355
交通工程,081802,交通运输类,工学,1748,64,592,3,5355
政治学与行政学,030201,政治学类,法学,1712,15,745,0,5355
侦查学,030602K,公安学类,法学,1708,186,1109,0,5355
智能制造工程,080213T,机械类,工学,1687,11,1247,3,5355
化学工程与工艺,081301,化工与制药类,工学,1684,62,791,3,5355
行政管理,120402,公共管理类,管理学,1670,90,1274,9,5355
农业水利工程,082305,农业工程类,工学,1666,28,1037,3,5355
水土保持与荒漠化防治,090203,自然保护与环境生态类,农学,1664,16,803,2,5355
自然资源登记与管理,120417T,公共管理类,管理学,1656,52,1274,9,5355
人文地理与城乡规划,070503,地理科学类,理学,1655,50,515,10,5355
地理信息科学,070504,地理科学类,理学,1655,22,515,10,5355
城市管理,120405,公共管理类,管理学,1649,40,1274,9,5355
公共事业管理,120401,公共管理类,管理学,1636,65,1274,9,5355
工业设计,080205,机械类,工学,1630,6,1247,3,5355
材料成型及控制工程,080203,机械类,工学,1629,3,1247,3,5355
劳动与社会保障,120403,公共管理类,管理学,1623,38,1274,9,5355
机械设计制造及其自动化,080202,机械类,工学,1622,41,1247,3,5355
人才发展与管理,120421TK,公共管理类,管理学,1609,11,1274,9,5355
旅游管理,120901K,旅游管理类,管理学,1608,52,349,9,5355
会展经济与管理,120903,旅游管理类,管理学,1605,6,349,9,5355
公共关系学,120409T,公共管理类,管理学,1603,5,1274,9,5355
应急装备技术与工程,080219T,机械类,工学,1586,13,1247,3,5355
智能车辆工程,080214T,机械类,工学,1580,7,1247,3,5355
新能源汽车工程,080216T,机械类,工学,1579,6,1247,3,5355
智能交互设计,080218T,机械类,工学,1579,6,1247,3,5355
过程装备与控制工程,080206,机械类,工学,1579,6,1247,3,5355
机械工艺技术,080209T,机械类,工学,1577,4,1247,3,5355
健康服务与管理,120410T,公共管理类,管理学,1576,10,1274,9,5355
机电技术教育,080211T,机械类,工学,1576,3,1247,3,5355
汽车服务工程,080208,机械类,工学,1575,2,1247,3,5355
增材制造工程,080217T,机械类,工学,1574,1,1247,3,5355
汽车维修工程教育,080212T,机械类,工学,1574,1,1247,3,5355
医疗保险,120413T,公共管理类,管理学,1573,8,1273,9,5355
仿生科学与工程,080215T,机械类,工学,1573,0,1247,3,5355
农林智能装备工程,080220T,机械类,工学,1573,0,1247,3,5355
微机电系统工程,080210T,机械类,工学,1573,0,1247,3,5355
养老服务管理,120414T,公共管理类,管理学,1572,6,1274,9,5355
化工安全工程,081306T,化工与制药类,工学,1568,29,791,3,5355
医疗产品管理,120412T,公共管理类,管理学,1568,3,1273,9,5355
海事管理,120408T,公共管理类,管理学,1568,3,1273,9,5355
慈善管理,120418T,公共管理类,管理学,1567,1,1274,9,5355
无障碍管理,120420TK,公共管理类,管理学,1566,0,1274,9,5355
海关检验检疫安全,120415TK,公共管理类,管理学,1566,0,1274,9,5355
海外安全管理,120416TK,公共管理类,管理学,1566,0,1274,9,5355
航空安防管理,120419TK,公共管理类,管理学,1566,0,1274,9,5355
海关管理,120406TK,公共管理类,管理学,1565,0,1273,9,5355
海警后勤管理,120411TK,公共管理类,管理学,1565,0,1273,9,5355
经济犯罪侦查,030606TK,公安学类,法学,1533,134,1110,0,5355
犯罪学,030611TK,公安学类,法学,1526,121,1110,0,5355
技术侦查学,030616TK,公安学类,法学,1519,106,1110,0,5355
公安情报学,030610TK,公安学类,法学,1469,54,1110,0,5355
治安学,030601K,公安学类,法学,1458,68,1110,0,5355
编辑出版学,050305,新闻传播学类,文学,1453,16,1234,1,5355
广告学,050303,新闻传播学类,文学,1448,16,1231,1,5355
国际新闻与传播,050309T,新闻传播学类,文学,1446,7,1235,1,5355
数字出版,050307T,新闻传播学类,文学,1444,4,1231,1,5355
应用化学,070302,化学类,理学,1443,60,500,10,5355
生态学,071004,生物科学类,理学,1442,30,117,10,5355
信息管理与信息系统,120102,管理科学与工程类,管理学,1441,77,1020,9,5355
警务指挥与战术,030615TK,公安学类,法学,1436,46,1110,0,5355
环境生态工程,082504,环境科学与工程类,工学,1433,19,1017,3,5355
环境科学与工程,082501,环境科学与工程类,工学,1430,73,1016,3,5355
资源环境科学,082506T,环境科学与工程类,工学,1430,19,1016,3,5355
水质科学与技术,082507T,环境科学与工程类,工学,1428,9,1021,3,5355
公安管理学,030612TK,公安学类,法学,1427,37,1110,0,5355
环保设备工程,082505T,环境科学与工程类,工学,1427,6,1021,3,5355
禁毒学,030604TK,公安学类,法学,1422,36,1106,0,5355
国内安全保卫,030614TK,公安学类,法学,1420,30,1110,0,5355
警卫学,030609TK,公安学类,法学,1420,30,1110,0,5355
土地整治工程,082306T,农业工程类,工学,1420,20,1039,3,5355
公安政治工作,030618TK,公安学类,法学,1416,26,1110,0,5355
房地产开发与管理,120104,管理科学与工程类,管理学,1416,11,1020,9,5355
涉外警务,030613TK,公安学类,法学,1414,28,1106,0,5355
反恐警务,030621TK,公安学类,法学,1413,23,1110,0,5355
警犬技术,030605TK,公安学类,法学,1412,26,1106,0,5355
农业机械化及其自动化,082302,农业工程类,工学,1412,12,1036,3,5355
农业工程,082301,农业工程类,工学,1410,35,1037,3,5355
农业智能装备工程,082307T,农业工程类,工学,1410,3,1039,3,5355
农业建筑环境与能源工程,082304,农业工程类,工学,1409,1,1039,3,5355
农业电气化,082303,农业工程类,工学,1408,1,1039,3,5355
出入境管理,030620TK,公安学类,法学,1407,21,1106,0,5355
移民管理,030619TK,公安学类,法学,1407,21,1106,0,5355
大数据管理与应用,120108T,管理科学与工程类,管理学,1406,89,1020,9,5355
历史学,060101,历史学类,历史学,1395,20,164,0,5355
文化遗产,060107T,历史学类,历史学,1394,4,166,0,5355
时尚传播,050308T,新闻传播学类,文学,1386,3,1231,1,5355
会展,050310T,新闻传播学类,文学,1384,2,1230,1,5355
安全生产监管,082904T,安全科学与工程类,工学,1376,61,966,3,5355
消防指挥,030608TK,公安学类,法学,1376,13,1083,0,5355
边防管理,030603K,公安学类,法学,1371,12,1079,0,5355
制药工程,081302,化工与制药类,工学,1367,16,790,3,5355
消防政治工作,030622TK,公安学类,法学,1363,0,1083,0,5355
铁路警务,030623TK,公安学类,法学,1363,0,1083,0,5355
应急技术与管理,082902T,安全科学与工程类,工学,1361,38,966,3,5355
海警执法,030617TK,公安学类,法学,1361,0,1081,0,5355
边防指挥,030607TK,公安学类,法学,1359,0,1079,0,5355
刑事科学技术,083101K,公安技术类,工学,1358,44,401,3,5355
管理科学,120101,管理科学与工程类,管理学,1351,8,1020,9,5355
智慧应急,082905TK,安全科学与工程类,工学,1343,12,966,3,5355
计算金融,120110T,管理科学与工程类,管理学,1323,14,1020,9,5355
职业卫生工程,082903T,安全科学与工程类,工学,1322,1,952,3,5355
保密管理,120106TK,管理科学与工程类,管理学,1315,7,1019,9,5355
网络安全与执法,083108TK,公安技术类,工学,1313,104,401,3,5355
邮政管理,120107T,管理科学与工程类,管理学,1309,1,1019,9,5355
国际经济发展合作,020403T,经济与贸易类,经济学,1288,1,876,0,5355
地理空间信息工程,081205T,测绘类,工学,1272,18,761,3,5355
水利科学与工程,081105T,水利类,工学,1272,15,917,3,5355
消防工程,083102K,公安技术类,工学,1268,39,374,3,5355
数据警务技术,083111TK,公安技术类,工学,1263,42,401,3,5355
港口航道与海岸工程,081103,水利类,工学,1263,7,914,3,5355
智慧水利,081106T,水利类,工学,1262,6,916,3,5355
电气工程及其自动化,080601,电气类,工学,1253,30,508,3,5355
森林保护,090503,林学类,农学,1252,13,474,2,5355
林学,090501,林学类,农学,1250,20,474,2,5355
抢险救援指挥与技术,083106TK,公安技术类,工学,1238,7,374,3,5355
能源化学工程,081304T,化工与制药类,工学,1229,8,791,3,5355
生物统计学,071204T,统计学类,理学,1176,0,941,10,5355
中国共产党历史,030502,马克思主义理论类,法学,1168,10,751,0,5355
马克思主义理论,030504T,马克思主义理论类,法学,1164,17,751,0,5355
野生动物与自然保护区管理,090202,自然保护与环境生态类,农学,1155,7,802,2,5355
精细化工,081308T,化工与制药类,工学,1152,16,791,3,5355
化学工程与工业生物工程,081305T,化工与制药类,工学,1146,8,791,3,5355
地理国情监测,081204T,测绘类,工学,1130,9,761,3,5355
导航工程,081203T,测绘类,工学,1126,0,761,3,5355
时空信息工程,081206TK,测绘类,工学,1126,0,761,3,5355
资源循环科学与工程,081303T,化工与制药类,工学,1122,3,790,3,5355
涂料工程,081307T,化工与制药类,工学,1121,1,791,3,5355
智能分子工程,081309T,化工与制药类,工学,1120,0,791,3,5355
食品质量与安全,082702,食品科学与工程类,工学,1118,53,671,3,5355
交通运输,081801,交通运输类,工学,1114,48,592,3,5355
食品营养与健康,082710T,食品科学与工程类,工学,1108,6,673,3,5355
食品科学与工程,082701,食品科学与工程类,工学,1105,48,669,3,5355
药学,100701,药学类,医学,1096,44,488,0,5355
化学,070301,化学类,理学,1095,57,500,10,5355
地质工程,081401,地质类,工学,1077,49,551,3,5355
食品安全与检测,082709T,食品科学与工程类,工学,1074,43,672,3,5355
食品营养与检验教育,082707T,食品科学与工程类,工学,1062,2,673,3,5355
农林经济管理,120301,农业经济管理类,管理学,1061,24,751,9,5355
农村区域发展,120302,农业经济管理类,管理学,1058,24,751,9,5355
乡村治理,120303TK,农业经济管理类,管理学,1055,11,751,9,5355
生态修复学,090208TK,自然保护与环境生态类,农学,1054,13,803,2,5355
智能装备与系统,080806T,自动化类,工学,1053,11,703,3,5355
粮食工程,082703,食品科学与工程类,工学,1052,5,673,3,5355
烹饪与营养教育,082708T,食品科学与工程类,工学,1052,1,673,3,5355
咖啡科学与工程,082713T,食品科学与工程类,工学,1051,2,673,3,5355
食用菌科学与工程,082711T,食品科学与工程类,工学,1051,2,673,3,5355
乳品工程,082704,食品科学与工程类,工学,1051,0,673,3,5355
白酒酿造工程,082712T,食品科学与工程类,工学,1051,0,673,3,5355
葡萄与葡萄酒工程,082706T,食品科学与工程类,工学,1051,0,673,3,5355
酿酒工程,082705,食品科学与工程类,工学,1051,0,673,3,5355
土地科学与技术,090205T,自然保护与环境生态类,农学,1050,9,803,2,5355
工业智能,080807T,自动化类,工学,1050,6,704,3,5355
资源勘查工程,081403K,地质类,工学,1048,20,551,3,5355
科学社会主义,030501,马克思主义理论类,法学,1048,7,752,0,5355
轨道交通信号与控制,080802T,自动化类,工学,1046,1,705,3,5355
智能工程与创意设计,080808T,自动化类,工学,1046,0,705,3,5355
核电技术与控制工程,080805T,自动化类,工学,1046,0,705,3,5355
邮政工程,080804T,自动化类,工学,1046,0,705,3,5355
工会学,030505TK,马克思主义理论类,法学,1042,1,748,0,5355
自然地理与资源环境,070502,地理科学类,理学,1040,13,515,10,5355
政治学、经济学与哲学,030205T,政治学类,法学,1035,7,745,0,5355
社会学,030301,社会学类,法学,1029,82,570,0,5355
国际事务与国际关系,030204T,政治学类,法学,1028,0,745,0,5355
国际政治,030202,政治学类,法学,1028,0,745,0,5355
国际组织与全球治理,030206TK,政治学类,法学,1028,0,745,0,5355
外交学,030203,政治学类,法学,1028,0,745,0,5355
湿地保护与恢复,090206T,自然保护与环境生态类,农学,1027,6,802,2,5355
国家公园建设与管理,090207TK,自然保护与环境生态类,农学,1023,2,802,2,5355
生物质科学与工程,090204T,自然保护与环境生态类,农学,1022,0,803,2,5355
地理科学,070501,地理科学类,理学,1008,30,515,10,5355
勘查技术与工程,081402,地质类,工学,987,23,551,3,5355
安全防范工程,083104TK,公安技术类,工学,977,43,401,3,5355
轮机工程,081804K,交通运输类,工学,973,13,594,3,5355
智慧交通,081811T,交通运输类,工学,970,26,592,3,5355
航海技术,081803K,交通运输类,工学,970,10,594,3,5355
交通设备与控制工程,081806T,交通运输类,工学,969,30,593,3,5355
船舶电子电气工程,081808TK,交通运输类,工学,967,7,594,3,5355
智能运输工程,081812T,交通运输类,工学,965,8,594,3,5355
植物保护,090103,植物生产类,农学,964,31,548,2,5355
救助与打捞工程,081807T,交通运输类,工学,962,2,594,3,5355
飞行技术,081805K,交通运输类,工学,960,1,594,3,5355
轨道交通电气与控制,081809T,交通运输类,工学,960,0,594,3,5355
邮轮工程与管理,081810T,交通运输类,工学,960,0,594,3,5355
物流管理,120601,物流管理与工程类,管理学,959,9,200,9,5355
生物工程,083001,生物工程类,工学,957,15,279,3,5355
社会工作,030302,社会学类,法学,947,64,573,0,5355
社会政策,030307T,社会学类,法学,937,21,574,0,5355
人类学,030303T,社会学类,法学,933,2,578,0,5355
老年学,030306T,社会学类,法学,932,3,577,0,5355
女性学,030304T,社会学类,法学,925,0,571,0,5355
家政学,030305T,社会学类,法学,925,0,571,0,5355
电气工程与智能控制,080604T,电气类,工学,921,12,508,3,5355
智能电网信息工程,080602T,电气类,工学,914,4,508,3,5355
精神医学,100205TK,临床医学类,医学,909,54,580,0,5355
旅游地学与规划工程,081405T,地质类,工学,908,8,550,3,5355
资源环境大数据工程,081407T,地质类,工学,905,3,551,3,5355
地下水科学与工程,081404T,地质类,工学,903,1,551,3,5355
智能地球探测,081406T,地质类,工学,902,1,550,3,5355
质量管理工程,120703T,工业工程类,管理学,884,11,309,9,5355
生物制药,083002T,生物工程类,工学,884,8,279,3,5355
数学与应用数学,070101,数学类,理学,876,14,254,10,5355
药物制剂,100702,药学类,医学,867,6,490,0,5355
材料科学与工程,080401,材料类,工学,854,13,509,3,5355
冶金工程,080404,材料类,工学,853,12,509,3,5355
材料化学,080403,材料类,工学,848,7,509,3,5355
高分子材料与工程,080407,材料类,工学,847,6,509,3,5355
新能源材料与器件,080414T,材料类,工学,844,3,509,3,5355
功能材料,080412T,材料类,工学,843,2,509,3,5355
金属材料工程,080405,材料类,工学,843,2,509,3,5355
光电信息材料与器件,080418T,材料类,工学,842,1,509,3,5355
复合材料与工程,080408,材料类,工学,842,1,509,3,5355
复合材料成型工程,080416T,材料类,工学,842,1,509,3,5355
智能材料与结构,080417T,材料类,工学,842,1,509,3,5355
材料设计科学与工程,080415T,材料类,工学,842,1,509,3,5355
生物材料,080419T,材料类,工学,842,1,509,3,5355
宝石及材料工艺学,080410T,材料类,工学,841,0,509,3,5355
无机非金属材料工程,080406,材料类,工学,841,0,509,3,5355
材料智能技术,080420T,材料类,工学,841,0,509,3,5355
材料物理,080402,材料类,工学,841,0,509,3,5355
焊接技术与工程,080411T,材料类,工学,841,0,509,3,5355
电子信息材料,080421T,材料类,工学,841,0,509,3,5355
稀土材料科学与工程,080423T,材料类,工学,841,0,509,3,5355
粉体材料科学与工程,080409T,材料类,工学,841,0,509,3,5355
纳米材料与技术,080413T,材料类,工学,841,0,509,3,5355
软物质科学与工程,080422T,材料类,工学,841,0,509,3,5355
智慧能源工程,080608TK,电气类,工学,837,3,508,3,5355
电机电器智能化,080605T,电气类,工学,837,3,508,3,5355
能源互联网工程,080607T,电气类,工学,835,1,508,3,5355
光源与照明,080603T,电气类,工学,834,0,508,3,5355
大功率半导体科学与工程,080610TK,电气类,工学,834,0,508,3,5355
电动载运工程,080609T,电气类,工学,834,0,508,3,5355
电缆工程,080606T,电气类,工学,834,0,508,3,5355
采矿工程,081501,矿业类,工学,801,56,408,3,5355
智慧农业,090112T,植物生产类,农学,796,20,548,2,5355
种子科学与工程,090105,植物生产类,农学,795,19,548,2,5355
医学影像学,100203TK,临床医学类,医学,794,61,580,0,5355
植物科学与技术,090104,植物生产类,农学,794,18,548,2,5355
临床医学,100201K,临床医学类,医学,790,172,559,0,5355
工业工程,120701,工业工程类,管理学,788,7,309,9,5355
放射医学,100206TK,临床医学类,医学,784,25,580,0,5355
矿物资源工程,081505T,矿业类,工学,782,33,408,3,5355
生物育种科学,090116TK,植物生产类,农学,782,6,548,2,5355
生物育种技术,090117TK,植物生产类,农学,780,4,548,2,5355
交通管理工程,083103TK,公安技术类,工学,775,44,401,3,5355
智能采矿工程,081507T,矿业类,工学,770,21,408,3,5355
公安视听技术,083105TK,公安技术类,工学,768,37,401,3,5355
农药化肥,090114T,植物生产类,农学,768,14,548,2,5355
儿科学,100207TK,临床医学类,医学,768,8,577,0,5355
眼视光医学,100204TK,临床医学类,医学,768,5,579,0,5355
麻醉学,100202TK,临床医学类,医学,767,3,580,0,5355
设施农业科学与工程,090106,植物生产类,农学,766,12,548,2,5355
矿物加工工程,081503,矿业类,工学,765,13,408,3,5355
生物农药科学与工程,090115T,植物生产类,农学,762,8,548,2,5355
园艺,090102,植物生产类,农学,760,8,546,2,5355
应用生物科学,090109T,植物生产类,农学,757,3,548,2,5355
油气储运工程,081504,矿业类,工学,756,6,406,3,5355
农艺教育,090110T,植物生产类,农学,756,3,547,2,5355
菌物科学与工程,090113T,植物生产类,农学,756,2,548,2,5355
碳储科学与工程,081508TK,矿业类,工学,755,3,408,3,5355
食品药品环境犯罪侦查技术,083112TK,公安技术类,工学,754,23,401,3,5355
园艺教育,090111T,植物生产类,农学,754,2,546,2,5355
石油工程,081502,矿业类,工学,752,2,406,3,5355
烟草,090108T,植物生产类,农学,751,0,545,2,5355
茶学,090107T,植物生产类,农学,751,0,545,2,5355
海洋油气工程,081506T,矿业类,工学,750,1,405,3,5355
地质学,070901,地质学类,理学,745,21,216,10,5355
地球信息科学与技术,070903T,地质学类,理学,743,2,216,10,5355
地球化学,070902,地质学类,理学,736,2,216,10,5355
生物科学,071001,生物科学类,理学,729,20,117,10,5355
数理基础科学,070103T,数学类,理学,727,1,254,10,5355
化学测量学与技术,070306T,化学类,理学,724,7,521,10,5355
能源化学,070305T,化学类,理学,724,3,521,10,5355
化学生物学,070303T,化学类,理学,721,8,521,10,5355
能源与动力工程,080501,能源动力类,工学,721,7,337,3,5355
分子科学与工程,070304T,化学类,理学,721,4,521,10,5355
资源化学,070307T,化学类,理学,721,0,521,10,5355
火灾勘查,083107TK,公安技术类,工学,706,2,374,3,5355
核生化消防,083109TK,公安技术类,工学,704,0,374,3,5355
海警舰艇指挥与技术,083110TK,公安技术类,工学,704,0,374,3,5355
中医学,100501K,中医学类,医学,703,32,580,0,5355
园林,090502,林学类,农学,692,6,474,2,5355
智慧林业,090505T,林学类,农学,689,4,474,2,5355
经济林,090504T,林学类,农学,687,3,474,2,5355
医学检验技术,101001,医学技术类,医学,682,30,577,0,5355
新能源科学与工程,080503T,能源动力类,工学,676,4,337,3,5355
医学影像技术,101003,医学技术类,医学,675,15,586,0,5355
能源与环境系统工程,080502T,能源动力类,工学,674,3,337,3,5355
储能科学与工程,080504T,能源动力类,工学,673,1,337,3,5355
可持续能源,080507TK,能源动力类,工学,673,1,337,3,5355
能源服务工程,080505T,能源动力类,工学,673,1,337,3,5355
氢能科学与工程,080506TK,能源动力类,工学,672,0,337,3,5355
基础医学,100101K,基础医学类,医学,671,23,570,0,5355
旅游管理与服务教育,120904T,旅游管理类,管理学,669,18,349,9,5355
酒店管理,120902,旅游管理类,管理学,669,4,346,9,5355
国际邮轮管理,120905TK,旅游管理类,管理学,669,0,349,9,5355
电子商务,120801,电子商务类,管理学,666,13,285,9,5355
森林工程,082401,林业工程类,工学,662,5,329,3,5355
护理学,101101K,护理学类,医学,659,27,587,0,5355
林产化工,082403,林业工程类,工学,659,1,329,3,5355
家具设计与工程,082404T,林业工程类,工学,658,0,329,3,5355
木材科学与工程,082402,林业工程类,工学,658,0,329,3,5355
木结构建筑与材料,082405T,林业工程类,工学,658,0,329,3,5355
助产学,101102TK,护理学类,医学,655,0,585,0,5355
中医康复学,100510TK,中医学类,医学,650,1,580,0,5355
傣医学,100508TK,中医学类,医学,649,2,578,0,5355
中医养生学,100511TK,中医学类,医学,649,1,580,0,5355
中医骨伤科学,100513TK,中医学类,医学,649,1,580,0,5355
中医儿科学,100512TK,中医学类,医学,649,0,580,0,5355
哈医学,100507K,中医学类,医学,649,0,580,0,5355
回医学,100509TK,中医学类,医学,649,0,580,0,5355
壮医学,100506K,中医学类,医学,649,0,580,0,5355
维医学,100505K,中医学类,医学,649,0,580,0,5355
蒙医学,100504K,中医学类,医学,649,0,580,0,5355
藏医学,100503K,中医学类,医学,649,0,580,0,5355
针灸推拿学,100502K,中医学类,医学,649,0,580,0,5355
卫生检验与检疫,101007,医学技术类,医学,648,7,585,0,5355
康复治疗学,101005,医学技术类,医学,640,7,586,0,5355
医学实验技术,101002,医学技术类,医学,636,8,581,0,5355
医疗器械与装备工程,101015TK,医学技术类,医学,636,3,586,0,5355
眼视光学,101004,医学技术类,医学,636,3,586,0,5355
生物医学,100102TK,基础医学类,医学,636,1,580,0,5355
生物医学科学,100103T,基础医学类,医学,636,1,580,0,5355
健康与医疗保障,101016TK,医学技术类,医学,635,2,586,0,5355
老年医学与健康,101017TK,医学技术类,医学,634,1,586,0,5355
医工学,101014TK,医学技术类,医学,633,0,586,0,5355
口腔医学技术,101006,医学技术类,医学,633,0,586,0,5355
听力与言语康复学,101008T,医学技术类,医学,633,0,586,0,5355
康复作业治疗,101010T,医学技术类,医学,633,0,586,0,5355
康复物理治疗,101009T,医学技术类,医学,633,0,586,0,5355
智能医学工程,101011T,医学技术类,医学,633,0,586,0,5355
智能影像工程,101013T,医学技术类,医学,633,0,586,0,5355
生物医药数据科学,101012T,医学技术类,医学,633,0,586,0,5355
合成生物学,083003T,生物工程类,工学,616,3,279,3,5355
标准化工程,120702T,工业工程类,管理学,589,5,309,9,5355
药物分析,100705T,药学类,医学,577,15,491,0,5355
药事管理,100704T,药学类,医学,576,12,492,0,5355
跨境电子商务,120803T,电子商务类,管理学,575,11,285,9,5355
临床药学,100703TK,药学类,医学,575,9,491,0,5355
化妆品科学与技术,100708T,药学类,医学,575,6,488,0,5355
药物化学,100706T,药学类,医学,575,6,491,0,5355
电子商务及法律,120802T,电子商务类,管理学,574,10,285,9,5355
药物经济与管理,100709TK,药学类,医学,574,0,492,0,5355
海洋药学,100707T,药学类,医学,571,0,489,0,5355
服装设计与工程,081602,纺织类,工学,544,28,140,3,5355
服装设计与工艺教育,081604T,纺织类,工学,536,20,140,3,5355
教育学,040101,教育学类,教育学,501,38,351,0,5355
应用心理学,071102,心理学类,理学,501,32,292,10,5355
心理学,071101,心理学类,理学,499,37,292,10,5355
物流工程,120602,物流管理与工程类,管理学,487,6,200,9,5355
采购管理,120603T,物流管理与工程类,管理学,486,2,200,9,5355
供应链管理,120604T,物流管理与工程类,管理学,485,4,200,9,5355
纺织工程,081601,纺织类,工学,482,15,140,3,5355
动物科学,090301,动物生产类,农学,477,24,225,2,5355
智能感知工程,080303T,仪器类,工学,472,3,143,3,5355
测控技术与仪器,080301,仪器类,工学,472,3,143,3,5355
精密仪器,080302T,仪器类,工学,472,3,143,3,5355
非织造材料与工程,081603T,纺织类,工学,472,3,138,3,5355
丝绸设计与工程,081605T,纺织类,工学,469,1,140,3,5355
生物技术,071002,生物科学类,理学,462,13,117,10,5355
动物医学,090401,动物医学类,农学,458,24,183,2,5355
动物药学,090402,动物医学类,农学,445,11,183,2,5355
饲料工程,090306T,动物生产类,农学,436,7,227,2,5355
智慧牧业科学与工程,090307T,动物生产类,农学,432,3,227,2,5355
经济动物学,090304T,动物生产类,农学,432,3,227,2,5355
蜂学,090303T,动物生产类,农学,431,0,226,2,5355
马业科学,090305T,动物生产类,农学,431,0,226,2,5355
蚕学,090302T,动物生产类,农学,430,0,225,2,5355
轻化工程,081701,轻工类,工学,423,3,94,3,5355
化妆品技术与工程,081705T,轻工类,工学,422,2,94,3,5355
包装工程,081702,轻工类,工学,421,1,94,3,5355
印刷工程,081703,轻工类,工学,420,0,94,3,5355
生物质技术与工程,081707T,轻工类,工学,420,0,94,3,5355
生物质能源与材料,081706TK,轻工类,工学,420,0,94,3,5355
香料香精技术与工程,081704T,轻工类,工学,420,0,94,3,5355
无人驾驶航空器系统工程,082009T,航空航天类,工学,412,17,67,3,5355
人工智能教育,040117TK,教育学类,教育学,409,3,353,0,5355
动植物检疫,090403T,动物医学类,农学,408,13,184,2,5355
教育技术学,040104,教育学类,教育学,408,12,351,0,5355
人文教育,040103,教育学类,教育学,408,8,353,0,5355
科学教育,040102,教育学类,教育学,408,6,351,0,5355
劳动教育,040114TK,教育学类,教育学,408,0,353,0,5355
婴幼儿发展与健康管理,040118T,教育学类,教育学,408,0,353,0,5355
家庭教育,040115T,教育学类,教育学,408,0,353,0,5355
融合教育,040113T,教育学类,教育学,408,0,353,0,5355
认知科学与技术,040112T,教育学类,教育学,408,0,353,0,5355
卫生教育,040111T,教育学类,教育学,407,2,352,0,5355
华文教育,040109T,教育学类,教育学,407,0,352,0,5355
教育康复学,040110TK,教育学类,教育学,407,0,352,0,5355
兽医公共卫生,090406TK,动物医学类,农学,406,14,183,2,5355
古生物学,070904T,地质学类,理学,405,0,216,10,5355
智能飞行器技术,082010T,航空航天类,工学,404,9,67,3,5355
实验动物学,090404T,动物医学类,农学,403,1,185,2,5355
艺术教育,040105,教育学类,教育学,403,0,348,0,5355
中兽医学,090405T,动物医学类,农学,402,3,184,2,5355
飞行器控制与信息工程,082008T,航空航天类,工学,400,5,67,3,5355
生物医学工程,082601,生物医学工程类,工学,399,11,62,3,5355
小学教育,040107,教育学类,教育学,399,4,344,0,5355
孤独症儿童教育,040116TK,教育学类,教育学,398,0,343,0,5355
学前教育,040106,教育学类,教育学,398,0,343,0,5355
航空航天工程,082001,航空航天类,工学,397,2,67,3,5355
特殊教育,040108,教育学类,教育学,397,0,342,0,5355
飞行器设计与工程,082002,航空航天类,工学,396,1,67,3,5355
临床工程技术,082603T,生物医学工程类,工学,396,0,62,3,5355
假肢矫形工程,082602T,生物医学工程类,工学,396,0,62,3,5355
健康科学与技术,082605T,生物医学工程类,工学,396,0,62,3,5355
康复工程,082604T,生物医学工程类,工学,396,0,62,3,5355
法医学,100901K,法医学类,医学,395,44,138,0,5355
档案学,120502,图书情报与档案管理类,管理学,395,24,99,9,5355
空天智能电推进技术,082011T,航空航天类,工学,395,0,67,3,5355
飞行器制造工程,082003,航空航天类,工学,395,0,67,3,5355
飞行器动力工程,082004,航空航天类,工学,395,0,67,3,5355
飞行器环境与生命保障工程,082005,航空航天类,工学,395,0,67,3,5355
飞行器质量与可靠性,082006T,航空航天类,工学,395,0,67,3,5355
飞行器运维工程,082012T,航空航天类,工学,395,0,67,3,5355
飞行器适航技术,082007T,航空航天类,工学,395,0,67,3,5355
信息资源管理,120503,图书情报与档案管理类,管理学,392,15,99,9,5355
图书馆学,120501,图书情报与档案管理类,管理学,388,10,99,9,5355
未来机器人,083201TK,交叉工程类,工学,383,7,38,3,5355
水产养殖学,090601,水产类,农学,382,9,119,2,5355
工程力学,080102,力学类,工学,381,1,54,3,5355
理论与应用力学,080101,力学类,工学,380,0,54,3,5355
智慧城市与空间规划,083206T,交叉工程类,工学,379,13,38,3,5355
集成电路科学与工程,083204TK,交叉工程类,工学,379,4,37,3,5355
辐射防护与核安全,082202,核工程类,工学,378,9,43,3,5355
低空技术与工程,083203TK,交叉工程类,工学,378,2,38,3,5355
交叉工程,083202TK,交叉工程类,工学,376,0,38,3,5355
碳中和科学与工程,083205T,交叉工程类,工学,376,0,38,3,5355
工程物理,082203,核工程类,工学,369,0,43,3,5355
核化工与核燃料工程,082204,核工程类,工学,369,0,43,3,5355
核工程与核技术,082201,核工程类,工学,369,0,43,3,5355
智能无人系统技术,082108T,兵器类,工学,366,18,17,3,5355
弹药工程与爆炸技术,082104,兵器类,工学,361,16,17,3,5355
船舶与海洋工程,081901,海洋工程类,工学,361,8,21,3,5355
服装与服饰设计,130505,设计学类,艺术学,359,35,182,0,5355
特种能源技术与工程,082105,兵器类,工学,358,7,17,3,5355
民族学,030401,民族学类,法学,358,4,79,0,5355
智慧海洋技术,081905T,海洋工程类,工学,357,8,21,3,5355
海洋资源开发技术,081903T,海洋工程类,工学,357,6,21,3,5355
海洋工程与技术,081902T,海洋工程类,工学,357,2,21,3,5355
智能海洋装备,081906T,海洋工程类,工学,357,0,21,3,5355
海洋机器人,081904T,海洋工程类,工学,357,0,21,3,5355
信息对抗技术,082107,兵器类,工学,354,8,17,3,5355
武器系统与工程,082101,兵器类,工学,354,3,17,3,5355
探测制导与控制技术,082103,兵器类,工学,354,0,17,3,5355
武器发射工程,082102,兵器类,工学,354,0,17,3,5355
装甲车辆工程,082106,兵器类,工学,354,0,17,3,5355
中药学,100801,中药学类,医学,352,14,187,0,5355
海洋科学,070701,海洋科学类,理学,325,7,4,10,5355
海洋渔业科学与技术,090602,水产类,农学,325,5,119,2,5355
水生动物医学,090604TK,水产类,农学,323,3,119,2,5355
水族科学与技术,090603T,水产类,农学,320,0,119,2,5355
生物信息学,071003,生物科学类,理学,316,5,117,10,5355
整合科学,071005T,生物科学类,理学,300,0,111,10,5355
神经科学,071006T,生物科学类,理学,300,0,111,10,5355
防灾减灾科学与工程,070803T,地球物理学类,理学,292,25,90,10,5355
草业科学,090701,草学类,农学,281,1,82,2,5355
草坪科学与工程,090702T,草学类,农学,281,0,82,2,5355
地球物理学,070801,地球物理学类,理学,276,13,90,10,5355
空间科学与技术,070802,地球物理学类,理学,276,2,90,10,5355
大气科学,070601,大气科学类,理学,275,16,89,10,5355
地球系统科学,070604T,大气科学类,理学,275,0,89,10,5355
应用气象学,070602,大气科学类,理学,275,0,89,10,5355
气象技术与工程,070603T,大气科学类,理学,275,0,89,10,5355
行星科学,070804TK,地球物理学类,理学,274,0,90,10,5355
运动训练,040202K,体育学类,教育学,257,38,197,0,5355
体能训练,040208T,体育学类,教育学,253,36,197,0,5355
体育教育,040201,体育学类,教育学,246,30,197,0,5355
中药制药,100805T,中药学类,医学,246,5,189,0,5355
中草药栽培与鉴定,100806T,中药学类,医学,246,1,190,0,5355
中药资源与开发,100802,中药学类,医学,246,1,190,0,5355
蒙药学,100804T,中药学类,医学,246,0,190,0,5355
藏药学,100803T,中药学类,医学,246,0,190,0,5355
社会体育指导与管理,040203,体育学类,教育学,239,19,197,0,5355
武术与民族传统体育,040204K,体育学类,教育学,237,18,197,0,5355
运动康复,040206T,体育学类,教育学,234,15,197,0,5355
运动能力开发,040213T,体育学类,教育学,230,11,197,0,5355
运动人体科学,040205,体育学类,教育学,229,10,197,0,5355
体育旅游,040212TK,体育学类,教育学,229,8,197,0,5355
哲学,010101,哲学类,哲学,227,18,193,0,5355
宗教学,010103K,哲学类,哲学,225,5,192,0,5355
智能体育工程,040211TK,体育学类,教育学,225,4,197,0,5355
逻辑学,010102,哲学类,哲学,223,3,193,0,5355
足球运动,040214TK,体育学类,教育学,223,2,197,0,5355
伦理学,010104T,哲学类,哲学,223,0,193,0,5355
新媒体艺术,130511T,设计学类,艺术学,222,23,183,0,5355
休闲体育,040207T,体育学类,教育学,222,2,197,0,5355
体育康养,040216T,体育学类,教育学,222,1,197,0,5355
冰雪运动,040209T,体育学类,教育学,222,1,197,0,5355
预防医学,100401K,公共卫生与预防医学类,医学,221,22,150,0,5355
电子竞技运动与管理,040210TK,体育学类,教育学,221,0,197,0,5355
航空运动,040217TK,体育学类,教育学,221,0,197,0,5355
马术运动与管理,040215TK,体育学类,教育学,221,0,197,0,5355
数字媒体艺术,130508,设计学类,艺术学,218,19,183,0,5355
视觉传达设计,130502,设计学类,艺术学,217,18,183,0,5355
环境设计,130503,设计学类,艺术学,215,17,182,0,5355
卫生监督,100404TK,公共卫生与预防医学类,医学,210,6,150,0,5355
食品卫生与营养学,100402,公共卫生与预防医学类,医学,210,6,150,0,5355
妇幼保健医学,100403TK,公共卫生与预防医学类,医学,208,3,150,0,5355
全球健康学,100405TK,公共卫生与预防医学类,医学,207,0,150,0,5355
运动与公共健康,100406T,公共卫生与预防医学类,医学,207,0,150,0,5355
产品设计,130504,设计学类,艺术学,206,7,183,0,5355
艺术设计学,130501,设计学类,艺术学,202,3,183,0,5355
声学,070204T,物理学类,理学,201,1,30,10,5355
应用物理学,070202,物理学类,理学,201,1,30,10,5355
系统科学与工程,070205T,物理学类,理学,201,1,30,10,5355
包装设计,130512T,设计学类,艺术学,200,1,183,0,5355
工艺美术,130507,设计学类,艺术学,200,1,183,0,5355
艺术与科技,130509T,设计学类,艺术学,200,1,183,0,5355
核物理,070203,物理学类,理学,200,0,30,10,5355
物理学,070201,物理学类,理学,200,0,30,10,5355
量子信息科学,070206T,物理学类,理学,200,0,30,10,5355
文物与博物馆学,060104,历史学类,历史学,199,8,166,0,5355
人居设计,130514T,设计学类,艺术学,199,0,183,0,5355
游戏艺术设计,130515TK,设计学类,艺术学,199,0,183,0,5355
公共艺术,130506,设计学类,艺术学,198,0,182,0,5355
珠宝首饰设计与工艺,130513TK,设计学类,艺术学,197,0,181,0,5355
英语,050201,外国语言文学类,文学,196,31,50,1,5355
文物保护技术,060105T,历史学类,历史学,196,5,166,0,5355
陶瓷艺术设计,130510TK,设计学类,艺术学,196,0,180,0,5355
考古学,060103,历史学类,历史学,194,4,165,0,5355
缅甸语,050216,外国语言文学类,文学,193,17,50,1,5355
老挝语,050215,外国语言文学类,文学,192,10,50,1,5355
外国语言与外国历史,060106T,历史学类,历史学,191,2,164,0,5355
越南语,050223,外国语言文学类,文学,190,11,50,1,5355
古文字学,060108T,历史学类,历史学,190,0,165,0,5355
世界史,060102,历史学类,历史学,189,0,164,0,5355
科学史,060109T,历史学类,历史学,189,0,164,0,5355
印度尼西亚语,050212,外国语言文学类,文学,188,2,50,1,5355
商务英语,050262,外国语言文学类,文学,187,21,50,1,5355
泰语,050220,外国语言文学类,文学,187,1,50,1,5355
柬埔寨语,050214,外国语言文学类,文学,186,0,50,1,5355
马来语,050217,外国语言文学类,文学,186,0,50,1,5355
海洋技术,070702,海洋科学类,理学,185,10,4,10,5355
海洋资源与环境,070703T,海洋科学类,理学,183,8,4,10,5355
中西医临床医学,100601K,中西医结合类,医学,182,61,74,0,5355
军事海洋学,070704T,海洋科学类,理学,181,0,4,10,5355
海洋科学与技术,070705T,海洋科学类,理学,181,0,4,10,5355
广播电视编导,130305,戏剧与影视学类,艺术学,180,58,99,0,5355
翻译,050261,外国语言文学类,文学,176,5,50,1,5355
俄语,050202,外国语言文学类,文学,173,8,50,1,5355
朝鲜语,050209,外国语言文学类,文学,173,8,50,1,5355
天文学,070401,天文学类,理学,170,0,0,10,5355
日语,050207,外国语言文学类,文学,169,4,50,1,5355
法语,050204,外国语言文学类,文学,169,4,50,1,5355
希伯来语,050222,外国语言文学类,文学,167,2,50,1,5355
葡萄牙语,050232,外国语言文学类,文学,167,2,50,1,5355
蒙古语,050218,外国语言文学类,文学,167,2,50,1,5355
西班牙语,050205,外国语言文学类,文学,167,2,50,1,5355
播音与主持艺术,130309,戏剧与影视学类,艺术学,165,32,99,0,5355
世界语,050241,外国语言文学类,文学,165,0,50,1,5355
丹麦语,050249,外国语言文学类,文学,165,0,50,1,5355
乌克兰语,050247,外国语言文学类,文学,165,0,50,1,5355
乌兹别克语,050258,外国语言文学类,文学,165,0,50,1,5355
乌尔都语,050221,外国语言文学类,文学,165,0,50,1,5355
亚美尼亚语,050269T,外国语言文学类,文学,165,0,50,1,5355
保加利亚语,050227,外国语言文学类,文学,165,0,50,1,5355
僧伽罗语,050219,外国语言文学类,文学,165,0,50,1,5355
克罗地亚语,050244,外国语言文学类,文学,165,0,50,1,5355
克里奥尔语,050279T,外国语言文学类,文学,165,0,50,1,5355
冰岛语,050250,外国语言文学类,文学,165,0,50,1,5355
切瓦语,050298T,外国语言文学类,文学,165,0,50,1,5355
加泰罗尼亚语,050267T,外国语言文学类,文学,165,0,50,1,5355
匈牙利语,050237,外国语言文学类,文学,165,0,50,1,5355
卢旺达语,050295T,外国语言文学类,文学,165,0,50,1,5355
卢森堡语,050294T,外国语言文学类,文学,165,0,50,1,5355
印地语,050213,外国语言文学类,文学,165,0,50,1,5355
吉尔吉斯语,050264T,外国语言文学类,文学,165,0,50,1,5355
哈萨克语,050257,外国语言文学类,文学,165,0,50,1,5355
土库曼语,050266T,外国语言文学类,文学,165,0,50,1,5355
土耳其语,050235,外国语言文学类,文学,165,0,50,1,5355
塔吉克语,050275T,外国语言文学类,文学,165,0,50,1,5355
塞尔维亚语,050234,外国语言文学类,文学,165,0,50,1,5355
塞苏陀语,050299T,外国语言文学类,文学,165,0,50,1,5355
孟加拉语,050242,外国语言文学类,文学,165,0,50,1,5355
尼泊尔语,050243,外国语言文学类,文学,165,0,50,1,5355
希腊语,050236,外国语言文学类,文学,165,0,50,1,5355
库克群岛毛利语,050292T,外国语言文学类,文学,165,0,50,1,5355
库尔德语,050286T,外国语言文学类,文学,165,0,50,1,5355
德语,050203,外国语言文学类,文学,165,0,50,1,5355
德顿语,050289T,外国语言文学类,文学,165,0,50,1,5355
恩德贝莱语,050277T,外国语言文学类,文学,165,0,50,1,5355
意大利语,050238,外国语言文学类,文学,165,0,50,1,5355
拉丁语,050260,外国语言文学类,文学,165,0,50,1,5355
拉脱维亚语,050252,外国语言文学类,文学,165,0,50,1,5355
挪威语,050248,外国语言文学类,文学,165,0,50,1,5355
捷克语,050229,外国语言文学类,文学,165,0,50,1,5355
提格雷尼亚语,050281T,外国语言文学类,文学,165,0,50,1,5355
斐济语,050291T,外国语言文学类,文学,165,0,50,1,5355
斯洛伐克语,050230,外国语言文学类,文学,165,0,50,1,5355
斯洛文尼亚语,050254,外国语言文学类,文学,165,0,50,1,5355
斯瓦希里语,050225,外国语言文学类,文学,165,0,50,1,5355
普什图语,050240,外国语言文学类,文学,165,0,50,1,5355
格鲁吉亚语,050271T,外国语言文学类,文学,165,0,50,1,5355
桑戈语,050200T,外国语言文学类,文学,165,0,50,1,5355
梵语巴利语,050211,外国语言文学类,文学,165,0,50,1,5355
比斯拉马语,050287T,外国语言文学类,文学,165,0,50,1,5355
毛利语,050283T,外国语言文学类,文学,165,0,50,1,5355
汤加语,050284T,外国语言文学类,文学,165,0,50,1,5355
波兰语,050228,外国语言文学类,文学,165,0,50,1,5355
波斯语,050208,外国语言文学类,文学,165,0,50,1,5355
泰米尔语,050239,外国语言文学类,文学,165,0,50,1,5355
爱尔兰语,050251,外国语言文学类,文学,165,0,50,1,5355
爱沙尼亚语,050255,外国语言文学类,文学,165,0,50,1,5355
瑞典语,050233,外国语言文学类,文学,165,0,50,1,5355
白俄罗斯语,050282T,外国语言文学类,文学,165,0,50,1,5355
皮金语,050297T,外国语言文学类,文学,165,0,50,1,5355
祖鲁语,050259,外国语言文学类,文学,165,0,50,1,5355
科摩罗语,050278T,外国语言文学类,文学,165,0,50,1,5355
立陶宛语,050253,外国语言文学类,文学,165,0,50,1,5355
索马里语,050265T,外国语言文学类,文学,165,0,50,1,5355
约鲁巴语,050268T,外国语言文学类,文学,165,0,50,1,5355
纽埃语,050296T,外国语言文学类,文学,165,0,50,1,5355
绍纳语,050280T,外国语言文学类,文学,165,0,50,1,5355
罗马尼亚语,050231,外国语言文学类,文学,165,0,50,1,5355
芬兰语,050246,外国语言文学类,文学,165,0,50,1,5355
茨瓦纳语,050276T,外国语言文学类,文学,165,0,50,1,5355
荷兰语,050245,外国语言文学类,文学,165,0,50,1,5355
菲律宾语,050210,外国语言文学类,文学,165,0,50,1,5355
萨摩亚语,050285T,外国语言文学类,文学,165,0,50,1,5355
豪萨语,050224,外国语言文学类,文学,165,0,50,1,5355
达里语,050288T,外国语言文学类,文学,165,0,50,1,5355
迪维希语,050290T,外国语言文学类,文学,165,0,50,1,5355
阿塞拜疆语,050272T,外国语言文学类,文学,165,0,50,1,5355
阿姆哈拉语,050263T,外国语言文学类,文学,165,0,50,1,5355
阿尔巴尼亚语,050226,外国语言文学类,文学,165,0,50,1,5355
阿拉伯语,050206,外国语言文学类,文学,165,0,50,1,5355
阿非利卡语,050273T,外国语言文学类,文学,165,0,50,1,5355
隆迪语,050293T,外国语言文学类,文学,165,0,50,1,5355
马其顿语,050274T,外国语言文学类,文学,165,0,50,1,5355
马耳他语,050256,外国语言文学类,文学,165,0,50,1,5355
马达加斯加语,050270T,外国语言文学类,文学,165,0,50,1,5355
影视摄影与制作,130311T,戏剧与影视学类,艺术学,163,42,99,0,5355
戏剧影视导演,130306,戏剧与影视学类,艺术学,140,3,99,0,5355
戏剧影视文学,130304,戏剧与影视学类,艺术学,138,1,99,0,5355
影视技术,130312T,戏剧与影视学类,艺术学,131,17,97,0,5355
动画,130310,戏剧与影视学类,艺术学,122,8,97,0,5355
表演,130301,戏剧与影视学类,艺术学,117,2,98,0,5355
戏剧学,130302,戏剧与影视学类,艺术学,117,1,99,0,5355
戏剧影视美术设计,130307,戏剧与影视学类,艺术学,116,2,97,0,5355
录音艺术,130308,戏剧与影视学类,艺术学,116,1,98,0,5355
数字戏剧,130316T,戏剧与影视学类,艺术学,116,0,99,0,5355
数字演艺设计,130317T,戏剧与影视学类,艺术学,116,0,99,0,5355
智能影像艺术,130318T,戏剧与影视学类,艺术学,116,0,99,0,5355
电影学,130303,戏剧与影视学类,艺术学,115,1,97,0,5355
戏剧教育,130313T,戏剧与影视学类,艺术学,115,0,98,0,5355
曲艺,130314TK,戏剧与影视学类,艺术学,115,0,98,0,5355
音乐剧,130315TK,戏剧与影视学类,艺术学,115,0,98,0,5355
口腔医学,100301K,口腔医学类,医学,66,12,9,0,5355
音乐学,130202,音乐与舞蹈学类,艺术学,59,7,36,0,5355
舞蹈编导,130206,音乐与舞蹈学类,艺术学,57,5,36,0,5355
音乐表演,130201,音乐与舞蹈学类,艺术学,57,5,36,0,5355
舞蹈表演,130204,音乐与舞蹈学类,艺术学,54,2,36,0,5355
音乐教育,130212T,音乐与舞蹈学类,艺术学,54,2,36,0,5355
舞蹈学,130205,音乐与舞蹈学类,艺术学,53,1,36,0,5355
流行舞蹈,130211T,音乐与舞蹈学类,艺术学,52,0,36,0,5355
流行音乐,130209T,音乐与舞蹈学类,艺术学,52,0,36,0,5355
舞蹈教育,130207T,音乐与舞蹈学类,艺术学,52,0,36,0,5355
舞蹈治疗,130214TK,音乐与舞蹈学类,艺术学,52,0,36,0,5355
音乐治疗,130210T,音乐与舞蹈学类,艺术学,52,0,36,0,5355
音乐科技,130215T,音乐与舞蹈学类,艺术学,52,0,36,0,5355
作曲与作曲技术理论,130203,音乐与舞蹈学类,艺术学,50,0,34,0,5355
冰雪舞蹈表演,130213TK,音乐与舞蹈学类,艺术学,50,0,34,0,5355
摄影,130404,美术学类,艺术学,49,10,21,0,5355
航空服务艺术与管理,130208TK,音乐与舞蹈学类,艺术学,49,0,33,0,5355
文物保护与修复,130409T,美术学类,艺术学,41,3,20,0,5355
绘画,130402,美术学类,艺术学,40,3,20,0,5355
美术学,130401,美术学类,艺术学,40,3,21,0,5355
实验艺术,130407TK,美术学类,艺术学,39,0,21,0,5355
漫画,130410T,美术学类,艺术学,39,0,21,0,5355
科技艺术,130412TK,美术学类,艺术学,39,0,21,0,5355
美术教育,130413TK,美术学类,艺术学,39,0,21,0,5355
虚拟空间艺术,130414T,美术学类,艺术学,39,0,21,0,5355
跨媒体艺术,130408TK,美术学类,艺术学,39,0,21,0,5355
中国画,130406T,美术学类,艺术学,38,0,20,0,5355
书法学,130405T,美术学类,艺术学,38,0,20,0,5355
纤维艺术,130411T,美术学类,艺术学,38,0,20,0,5355
雕塑,130403,美术学类,艺术学,38,0,20,0,5355
非物质文化遗产保护,130103T,艺术学理论类,艺术学,30,4,9,0,5355
艺术管理,130102T,艺术学理论类,艺术学,29,3,9,0,5355
艺术史论,130101,艺术学理论类,艺术学,27,0,9,0,5355
