排名,专业,专业代码,所属专业类,所属学科门类,专业榜总分,机会规模指数,直接对口指数,独占指数得分,专业相关招录人数,直接对口招录人数,专业独占指数,全部可报招录人数_含不限,折算独占招录人数,专业类共享招录人数,学科门类共享招录人数,专业不限招录人数
1,财务管理,120204,工商管理类,管理学,99.9583,100.0,99.8808,100.0,18879,1914,0.047885,24238.0,1160.636718,7049,34,5359
2,会计学,120203K,工商管理类,管理学,99.9225,99.8808,100.0,99.8808,18832,1919,0.04097845,24191.0,991.309625,7042,34,5359
3,审计学,120207,工商管理类,管理学,99.7616,99.7616,99.7616,99.7616,18437,1621,0.03904776,23796.0,929.180473,7045,34,5359
4,财政学,020201K,财政学类,经济学,99.0435,99.4041,98.6293,99.0465,15966,453,0.02992344,21325.0,638.117389,13725,19,5359
5,法学,030101K,法学类,法学,98.8975,97.8546,99.6424,99.5232,13311,1587,0.03187474,18670.0,595.101398,10426,30,5359
6,财务会计教育,120213T,工商管理类,管理学,98.4148,99.6424,96.3051,99.4041,16841,248,0.03116015,22200.0,691.755248,7055,34,5359
7,经济学,020101,经济学类,经济学,98.236,99.0465,98.093,97.1395,15007,435,0.02274783,20366.0,463.282313,13219,19,5359
8,知识产权,030102T,法学类,法学,97.8993,97.1395,98.6293,98.093,12521,453,0.02884793,17880.0,515.801045,10755,30,5359
9,工程审计,120109T,管理科学与工程类,管理学,97.652,98.9273,95.1132,99.1657,14726,185,0.02992854,20085.0,601.114669,4329,34,5359
10,金融学,020301K,金融学类,经济学,97.3004,97.7354,97.8546,95.8284,13049,376,0.02070423,18408.0,381.123453,10927,19,5359
11,计算机科学与技术,080901,计算机类,工学,97.2348,96.0667,99.4041,96.0667,11835,1052,0.02114597,17194.0,363.58384,9547,35,5359
12,税收学,020202,财政学类,经济学,97.2259,99.2849,93.7426,98.8081,15920,163,0.02950227,21279.0,627.778897,13737,19,5359
13,内部审计,120218T,工商管理类,管理学,97.1067,99.5232,92.789,99.2849,16807,145,0.03069606,22166.0,680.40897,7057,34,5359
14,国际法,030109TK,法学类,法学,96.627,97.0203,94.8749,98.4505,12516,181,0.02898267,17875.0,518.065236,10784,30,5359
15,经济统计学,020102,经济学类,经济学,96.5733,98.8081,93.4446,97.3778,14613,151,0.02333049,19972.0,465.956456,13229,19,5359
16,软件工程,080902,计算机类,工学,96.2396,94.8749,99.2849,94.1597,11539,887,0.02016686,16898.0,340.779625,9547,35,5359
17,数据科学与大数据技术,080910T,计算机类,工学,96.1859,95.4708,99.0465,93.3254,11722,731,0.01947091,17081.0,332.582679,9552,35,5359
18,网络工程,080903,计算机类,工学,95.8165,94.5173,99.1657,93.2062,11024,760,0.0192373,16383.0,315.164659,9552,35,5359
19,信息安全,080904K,计算机类,工学,95.5959,94.3981,98.9273,92.8486,10961,584,0.01769945,16320.0,288.855051,9552,35,5359
20,海关稽查,120217TK,工商管理类,管理学,95.4589,92.4911,98.3313,96.1859,7955,439,0.02171416,13314.0,289.102355,7052,34,5359
21,监狱学,030103T,法学类,法学,95.4052,97.497,89.9881,99.6424,12562,116,0.03257226,17921.0,583.727502,10749,30,5359
22,网络空间安全,080911TK,计算机类,工学,95.155,94.2789,97.9738,92.6103,10805,412,0.01655916,16164.0,267.662332,9552,35,5359
23,纪检监察,030108TK,法学类,法学,95.0387,97.6162,89.5709,98.5697,12585,109,0.02908543,17944.0,521.90899,10792,30,5359
24,电子与计算机工程,080909T,计算机类,工学,94.9344,94.1597,97.7354,92.2527,10588,359,0.01595136,15947.0,254.376363,9553,35,5359
25,智能科学与技术,080907T,计算机类,工学,94.6901,94.0405,97.2586,92.1335,10567,333,0.01579538,15926.0,251.557203,9544,35,5359
26,国际经贸规则,030105T,法学类,法学,94.4338,97.2586,88.677,97.9738,12530,102,0.02881002,17889.0,515.382383,10775,30,5359
27,信用风险管理与法律防控,030104T,法学类,法学,94.3892,97.3778,87.9023,98.6889,12549,88,0.02925609,17908.0,523.917985,10759,30,5359
28,统计学,071201,统计学类,理学,94.3504,91.7759,96.6627,95.2324,7708,280,0.02038587,13067.0,266.382163,6309,39,5359
29,物联网工程,080905,计算机类,工学,93.9511,93.9213,95.7092,91.5375,10412,211,0.01483029,15771.0,233.888564,9505,35,5359
30,应用统计学,071202,统计学类,理学,93.8736,91.6567,95.3516,95.3516,7704,199,0.02041462,13063.0,266.676211,6318,39,5359
31,汉语言文学,050101,中国语言文学类,文学,93.7723,89.8689,98.8081,92.9678,7211,543,0.01778405,12570.0,223.545503,6127,22,5359
32,数字媒体技术,080906,计算机类,工学,93.2956,94.7557,92.9678,91.4184,11364,146,0.01471225,16723.0,246.033021,9492,35,5359
33,电子信息工程,080701,电子信息类,工学,93.2479,92.7294,97.6162,87.9619,8033,354,0.01213865,13392.0,162.56074,6623,35,5359
34,人工智能,080717T,电子信息类,工学,93.087,92.6103,97.3778,87.8427,7980,345,0.01211237,13339.0,161.566878,6620,35,5359
35,数字经济,020109T,经济学类,经济学,93.0333,98.6889,83.5518,97.2586,14221,60,0.02280187,19580.0,446.46055,13229,19,5359
36,金融审计,020311TK,金融学类,经济学,92.938,95.9476,87.6043,95.59,11770,86,0.02056556,17129.0,352.267396,10938,19,5359
37,金融工程,020302,金融学类,经济学,92.789,96.3051,87.3659,94.7557,12476,85,0.02029986,17835.0,362.048044,10937,19,5359
38,司法警察学,030106TK,法学类,法学,92.5387,96.7819,83.5518,98.3313,12502,60,0.02894754,17861.0,517.031997,10751,30,5359
39,通信工程,080703,电子信息类,工学,92.5328,92.2527,96.5435,87.3659,7905,275,0.01178336,13264.0,156.294498,6622,35,5359
40,经济与金融,020307T,金融学类,经济学,92.1513,96.1859,85.9356,94.3981,12471,74,0.02020154,17830.0,360.193384,10934,19,5359
41,海关管理,120406TK,公共管理类,管理学,91.9428,84.267,98.4505,95.1132,5539,445,0.02035751,10898.0,221.856195,4759,34,5359
42,空间信息与数字技术,080908T,计算机类,工学,91.9308,93.8021,90.584,90.8224,10323,121,0.01421477,15682.0,222.916053,9506,35,5359
43,汉语言,050102,中国语言文学类,文学,91.907,87.3659,97.0203,92.0143,6904,296,0.01551022,12263.0,190.2018,6128,22,5359
44,秘书学,050107T,中国语言文学类,文学,91.8653,87.2467,96.7819,92.3719,6894,281,0.01596466,12253.0,195.614974,6127,22,5359
45,海关检验检疫安全,120415TK,公共管理类,管理学,91.7819,84.1478,98.2122,94.994,5533,438,0.02033873,10892.0,221.529441,4760,34,5359
46,新媒体技术,080912T,计算机类,工学,91.6866,94.6365,88.677,91.18,11317,102,0.0145497,16676.0,242.630809,9493,35,5359
47,新闻学,050301,新闻传播学类,文学,91.6329,86.4124,97.497,91.7759,6665,351,0.01495819,12024.0,179.857318,5285,22,5359
48,工程管理,120103,管理科学与工程类,管理学,91.4601,89.3921,95.4708,89.1538,7105,200,0.01282362,12464.0,159.833649,4329,34,5359
49,资产评估,120208,工商管理类,管理学,91.4214,91.2992,93.2658,89.0346,7664,150,0.01277257,13023.0,166.337133,7051,34,5359
50,数据科学,071203T,统计学类,理学,91.1323,91.5375,88.677,93.9213,7699,102,0.0201156,13058.0,262.669474,6328,39,5359
51,信息工程,080706,电子信息类,工学,91.1174,92.1335,94.3385,84.9821,7814,171,0.01077248,13173.0,141.905845,6623,35,5359
52,电子科学与技术,080702,电子信息类,工学,91.0846,89.9881,96.1859,85.6973,7325,238,0.01110797,12684.0,140.893462,6622,35,5359
53,信息与计算科学,070102,数学类,理学,91.0638,87.4851,92.4315,94.8749,6980,143,0.0203114,12339.0,250.622394,5150,39,5359
54,数据计算及应用,070104T,数学类,理学,90.885,87.6043,91.3588,95.4708,6984,132,0.02041873,12343.0,252.028416,5165,39,5359
55,国民经济管理,020103T,经济学类,经济学,90.7271,98.5697,77.354,96.9011,14115,41,0.02263996,19474.0,440.890604,13230,19,5359
56,工商管理,120201K,工商管理类,管理学,90.6019,90.7032,93.5638,86.2932,7553,158,0.01132891,12912.0,146.278863,7040,34,5359
57,工程造价,120105,管理科学与工程类,管理学,90.5453,88.3194,94.3385,88.7962,7080,171,0.01233189,12439.0,153.396434,4329,34,5359
58,应用语言学,050106T,中国语言文学类,文学,90.5006,87.1275,94.0405,90.9416,6817,168,0.01441077,12176.0,175.465576,6127,22,5359
59,人力资源管理,120206,工商管理类,管理学,90.3427,91.18,90.4052,88.9154,7634,119,0.012452,12993.0,161.788875,7057,34,5359
60,电子信息科学与技术,080714T,电子信息类,工学,90.146,92.0143,91.9547,84.6246,7772,139,0.01049281,13131.0,137.781053,6623,35,5359
61,网络与新媒体,050306T,新闻传播学类,文学,89.9702,86.2932,94.1597,89.9881,6530,169,0.01352242,11889.0,160.767994,5285,22,5359
62,国家安全学,030111TK,法学类,法学,89.7974,96.4243,76.6389,97.6162,12485,39,0.02836359,17844.0,506.119953,10753,30,5359
63,劳动与社会保障,120403,公共管理类,管理学,89.6722,92.8486,84.0286,92.4911,8121,63,0.01630968,13480.0,219.854463,4760,34,5359
64,司法鉴定学,030110TK,法学类,法学,89.6514,96.6627,75.8641,97.7354,12491,37,0.02846271,17850.0,508.059449,10755,30,5359
65,数学与应用数学,070101,数学类,理学,89.565,85.1013,90.1073,95.9476,6088,117,0.02094085,11447.0,239.709947,5165,39,5359
66,传播学,050304,新闻传播学类,文学,89.4905,86.174,93.2658,89.5113,6516,150,0.0133505,11875.0,158.537209,5285,22,5359
67,土木工程,081001,土木类,工学,89.0167,81.5256,97.1395,89.6305,4822,306,0.01346556,10181.0,137.092889,3201,35,5359
68,社区矫正,030107TK,法学类,法学,89.0137,96.5435,73.8379,98.2122,12487,33,0.02889369,17846.0,515.6368,10754,30,5359
69,国际经济与贸易,020401,经济与贸易类,经济学,88.9571,92.3719,82.9559,91.8951,7907,58,0.01516151,13266.0,201.132594,6168,19,5359
70,投资学,020304,金融学类,经济学,88.7753,95.59,77.056,94.2789,11724,40,0.02017765,17083.0,344.694826,10938,19,5359
71,区块链工程,080917T,计算机类,工学,88.6383,93.5638,81.7044,90.4648,10269,54,0.01396863,15628.0,218.301676,9520,35,5359
72,海外利益安全,030112TK,法学类,法学,88.4833,96.9011,72.1692,97.8546,12511,29,0.02860723,17870.0,511.211223,10773,30,5359
73,大数据管理与应用,120108T,管理科学与工程类,管理学,88.1883,81.764,95.9476,87.6043,4882,219,0.01196546,10241.0,122.538272,4329,34,5359
74,土地资源管理,120404,公共管理类,管理学,87.5626,85.9356,91.7759,84.267,6380,138,0.00976624,11739.0,114.645884,4760,34,5359
75,光电信息科学与工程,080705,电子信息类,工学,87.1663,89.7497,86.1144,84.5054,7196,75,0.01016772,12555.0,127.655747,6623,35,5359
76,保险学,020303,金融学类,经济学,87.0799,95.8284,70.9178,95.7092,11726,28,0.020579,17085.0,351.592145,10941,19,5359
77,行政管理,120402,公共管理类,管理学,86.9815,83.7902,94.6961,81.2872,5314,177,0.00911368,10673.0,97.270264,4759,34,5359
78,城乡规划,082802,建筑类,工学,86.8117,80.5721,94.994,85.3397,4053,184,0.01106818,9412.0,104.17374,2753,35,5359
79,文化产业管理,120210,工商管理类,管理学,86.6269,91.8951,80.3337,87.0083,7729,51,0.01163047,13088.0,152.219587,7052,34,5359
80,数理基础科学,070103T,数学类,理学,86.5971,84.9821,83.5518,93.4446,5873,60,0.0199329,11232.0,223.886306,5141,39,5359
81,精算学,020308T,金融学类,经济学,86.3766,95.1132,70.9178,94.0405,11716,28,0.0201225,17075.0,343.591712,10943,19,5359
82,金融科技,020310T,金融学类,经济学,86.3588,95.7092,69.8451,94.5173,11725,27,0.02020249,17084.0,345.139331,10943,19,5359
83,社会工作,030302,社会学类,法学,86.0787,81.4064,86.4124,93.087,4791,77,0.01796499,10150.0,182.344663,1406,30,5359
84,信息管理与信息系统,120102,管理科学与工程类,管理学,85.9118,81.6448,91.5375,84.8629,4844,133,0.01066348,10203.0,108.799478,4329,34,5359
85,保密技术,080914TK,计算机类,工学,84.9702,93.683,70.9178,90.7032,10273,28,0.01411741,15632.0,220.683321,9550,35,5359
86,金融数学,020305T,金融学类,经济学,84.9106,95.3516,66.6269,93.8021,11718,22,0.02010163,17077.0,343.275478,10943,19,5359
87,中国语言与文化,050108T,中国语言文学类,文学,84.9077,86.8892,78.8439,90.2265,6716,45,0.01359347,12075.0,164.141123,6128,22,5359
88,机械工程,080201,机械类,工学,84.8957,79.0226,94.6961,80.5721,3659,177,0.00866823,9018.0,78.170068,2517,35,5359
89,建筑学,082801,建筑类,工学,84.5024,79.6186,89.5709,85.2205,3679,109,0.0108086,9038.0,97.688154,2752,35,5359
90,公共事业管理,120401,公共管理类,管理学,84.3266,83.5518,88.3194,79.9762,5228,99,0.00846383,10587.0,89.60653,4760,34,5359
91,互联网金融,020309T,金融学类,经济学,84.124,95.2324,64.6007,93.683,11717,20,0.0200576,17076.0,342.503617,10943,19,5359
92,商务经济学,020105T,经济学类,经济学,84.0584,98.1526,59.118,96.4243,14082,14,0.02257397,19441.0,438.860632,13198,19,5359
93,航海技术,081803K,交通运输类,工学,83.8975,64.9583,95.8284,97.497,1787,218,0.02496757,7146.0,178.418289,1091,35,5359
94,国际新闻与传播,050309T,新闻传播学类,文学,83.6174,84.8629,79.261,87.7235,5581,47,0.01197139,10940.0,130.967042,5284,22,5359
95,贸易经济,020402,经济与贸易类,经济学,83.6085,91.4184,69.1895,91.2992,7693,26,0.01456894,13052.0,190.15381,6168,19,5359
96,应用中文,050113T,中国语言文学类,文学,83.5102,86.77,75.3278,89.7497,6699,36,0.01347144,12058.0,162.438648,6130,22,5359
97,国际商务,120205,工商管理类,管理学,83.3284,90.9416,72.1692,86.77,7587,29,0.0114336,12946.0,148.019326,7058,34,5359
98,能源经济,020106T,经济学类,经济学,83.3045,98.4505,56.1979,97.0203,14110,12,0.0226717,19469.0,441.395355,13227,19,5359
99,轮机工程,081804K,交通运输类,工学,83.23,64.2431,95.59,96.3051,1774,209,0.02180542,7133.0,155.538069,1091,35,5359
100,劳动关系,120211T,工商管理类,管理学,83.2211,90.8224,72.1692,86.5316,7556,29,0.0113652,12915.0,146.781589,7053,34,5359
101,虚拟现实技术,080916T,计算机类,工学,82.8367,93.2062,65.7926,90.1073,10098,21,0.01358401,15457.0,209.96804,9511,35,5359
102,应急管理,120111T,管理科学与工程类,管理学,82.7711,83.671,80.3337,84.7437,5290,51,0.01065393,10649.0,113.45366,4329,34,5359
103,侦查学,030602K,公安学类,法学,82.7354,71.5137,96.4243,81.5256,2193,264,0.00917854,7552.0,69.316298,1471,30,5359
104,微电子科学与工程,080704,电子信息类,工学,82.7324,89.6305,73.8379,84.1478,7156,33,0.00969966,12515.0,121.391295,6623,35,5359
105,机械设计制造及其自动化,080202,机械类,工学,82.6967,76.9964,92.4315,78.1883,3065,143,0.00792838,8424.0,66.788633,2519,35,5359
106,广播电视学,050302,新闻传播学类,文学,82.5983,86.0548,75.3278,87.2467,6407,36,0.01166696,11766.0,137.273502,5285,22,5359
107,英语,050201,外国语言文学类,文学,82.5864,62.0977,99.5232,91.6567,1706,1474,0.0149427,7065.0,105.570142,76,22,5359
108,国际税收,020203TK,财政学类,经济学,82.5238,99.1657,51.7878,98.9273,15363,9,0.02974074,20722.0,616.287606,13743,19,5359
109,资源与环境经济学,020104T,经济学类,经济学,82.5119,98.1526,54.5292,96.6627,14082,11,0.02259645,19441.0,439.297537,13199,19,5359
110,机械电子工程,080204,机械类,工学,82.2616,77.8308,89.8093,78.7843,3249,113,0.00795754,8608.0,68.498495,2519,35,5359
111,思想政治教育,030503,马克思主义理论类,法学,82.2587,79.7378,84.3862,83.3135,3728,64,0.00954192,9087.0,86.707465,2238,30,5359
112,计算金融,120110T,管理科学与工程类,管理学,82.0411,80.9297,82.062,83.7902,4710,55,0.00964505,10069.0,97.11598,4329,34,5359
113,海事管理,120408T,公共管理类,管理学,81.907,82.9559,78.4267,85.1013,5138,44,0.01079898,10497.0,113.356908,4759,34,5359
114,密码科学与技术,080918TK,计算机类,工学,81.6746,93.4446,61.8594,90.584,10262,17,0.01397134,15621.0,218.246284,9544,35,5359
115,经济工程,020108T,经济学类,经济学,81.4511,97.9738,51.7878,96.5435,14080,9,0.02258028,19439.0,438.938013,13198,19,5359
116,市场营销,120202,工商管理类,管理学,81.2872,91.0608,66.6269,86.174,7628,22,0.01122631,12987.0,145.796141,7055,34,5359
117,电气工程及其自动化,080601,电气类,工学,81.0399,73.5399,90.882,79.261,2585,124,0.00818677,7944.0,65.035678,1605,35,5359
118,自然资源登记与管理,120417T,公共管理类,管理学,80.9863,83.4327,80.8701,77.2348,5185,52,0.00781292,10544.0,82.37945,4760,34,5359
119,化学工程与工艺,081301,化工与制药类,工学,80.8343,72.5864,93.087,76.8772,2298,149,0.0077908,7657.0,59.654164,1129,35,5359
120,农学,090101,植物生产类,农学,80.7867,70.6794,96.0667,75.5662,2080,224,0.00758531,7439.0,56.427154,689,16,5359
121,测绘工程,081201,测绘类,工学,80.7479,76.2813,86.8296,79.3802,2930,82,0.00823663,8289.0,68.273448,1333,35,5359
122,经济犯罪侦查,030606TK,公安学类,法学,80.739,69.1299,95.2324,79.0226,1995,189,0.00796711,7354.0,58.590101,1472,30,5359
123,社会政策,030307T,社会学类,法学,80.5185,81.2872,70.9178,92.7294,4776,28,0.0176253,10135.0,178.632428,1407,30,5359
124,安全工程,082901,安全科学与工程类,工学,80.3873,71.1561,88.081,84.3862,2159,89,0.00978753,7518.0,73.582624,1262,35,5359
125,管理科学,120101,管理科学与工程类,管理学,80.3069,81.0489,77.056,83.671,4729,40,0.00958679,10088.0,96.711495,4329,34,5359
126,给排水科学与工程,081003,土木类,工学,80.2682,80.2145,79.857,80.9297,3846,50,0.00873454,9205.0,80.401437,3203,35,5359
127,应用化学,070302,化学类,理学,79.7676,71.7521,92.6103,74.6126,2246,144,0.00737753,7605.0,56.10611,1041,39,5359
128,广告学,050303,新闻传播学类,文学,79.7557,84.7437,68.534,87.4851,5555,25,0.01186005,10914.0,129.440581,5280,22,5359
129,水利水电工程,081101,水利类,工学,79.702,71.8713,88.2002,80.3337,2262,90,0.00859091,7621.0,65.471291,937,35,5359
130,汉语国际教育,050103,中国语言文学类,文学,79.6186,86.6508,64.6007,89.3921,6680,20,0.01331505,12039.0,160.299879,6115,22,5359
131,城市管理,120405,公共管理类,管理学,79.4994,83.3135,77.354,76.4005,5178,41,0.007742,10537.0,81.577405,4759,34,5359
132,自动化,080801,自动化类,工学,79.4458,80.4529,84.3862,70.9178,4039,64,0.00647847,9398.0,60.884687,2370,35,5359
133,环境工程,082502,环境科学与工程类,工学,79.3802,74.0167,86.5316,77.9499,2782,80,0.00791453,8141.0,64.432162,1781,35,5359
134,城市设计,082806T,建筑类,工学,79.0584,77.7116,79.857,80.0954,3246,50,0.00847354,8605.0,72.914825,2753,35,5359
135,工业软件,080919T,计算机类,工学,79.0018,93.3254,54.5292,90.3456,10231,11,0.01379713,15590.0,215.097243,9515,35,5359
136,马克思主义理论,030504T,马克思主义理论类,法学,78.826,74.2551,80.3337,84.0286,2809,51,0.00967389,8168.0,79.016305,2238,30,5359
137,保密管理,120106TK,管理科学与工程类,管理学,78.8081,80.7509,72.944,83.9094,4684,30,0.00966678,10043.0,97.083462,4328,34,5359
138,道路桥梁与渡河工程,081006T,土木类,工学,78.3671,80.0954,75.3278,79.857,3822,36,0.0083794,9181.0,76.93129,3203,35,5359
139,邮政管理,120107T,管理科学与工程类,管理学,78.1824,80.7509,72.944,81.4064,4684,30,0.00916416,10043.0,92.035648,4328,34,5359
140,环境科学与工程,082501,环境科学与工程类,工学,78.1019,72.4076,88.975,71.9905,2290,103,0.00685576,7649.0,52.439685,1777,35,5359
141,政治学与行政学,030201,政治学类,法学,78.0274,77.9499,78.4267,77.5924,3358,44,0.00783227,8717.0,68.273923,1968,30,5359
142,车辆工程,080207,机械类,工学,77.6043,77.5924,82.4791,70.7986,3230,57,0.00647793,8589.0,55.63898,2519,35,5359
143,电信工程及管理,080715T,电子信息类,工学,77.5298,89.2729,59.8927,83.4327,7095,15,0.00955785,12454.0,119.033427,6623,35,5359
144,环境科学,082503,环境科学与工程类,工学,77.4702,73.8975,83.2539,75.0894,2662,59,0.00741165,8021.0,59.44887,1781,35,5359
145,建筑环境与能源应用工程,081002,土木类,工学,77.1842,79.9762,72.1692,79.7378,3799,29,0.00833105,9158.0,76.295778,3203,35,5359
146,技术侦查学,030616TK,公安学类,法学,77.1096,67.8188,90.7032,72.944,1943,123,0.00702533,7302.0,51.298926,1472,30,5359
147,编辑出版学,050305,新闻传播学类,文学,76.8594,84.5054,60.7867,87.1275,5551,16,0.01163719,10910.0,126.961693,5283,22,5359
148,犯罪学,030611TK,公安学类,法学,76.7103,67.6996,91.0608,71.0369,1933,127,0.00648739,7292.0,47.306055,1466,30,5359
149,社会学,030301,社会学类,法学,76.7044,70.2026,88.4386,70.6794,2043,100,0.00646342,7402.0,47.842246,1401,30,5359
150,人文地理与城乡规划,070503,地理科学类,理学,76.621,70.441,82.4791,78.3075,2065,57,0.0079285,7424.0,58.86118,770,39,5359
151,劳动经济学,020107T,经济学类,经济学,76.4809,98.3313,37.0083,96.7819,14108,3,0.02261099,19467.0,440.168214,13229,19,5359
152,交通工程,081802,交通运输类,工学,76.4332,73.4207,86.1144,67.6996,2471,75,0.00592477,7830.0,46.39096,1089,35,5359
153,信用管理,020306T,金融学类,经济学,76.3856,94.994,42.8486,93.5638,11711,5,0.02003142,17070.0,341.936295,10941,19,5359
154,化工安全工程,081306T,化工与制药类,工学,76.3111,70.0834,84.3862,74.9702,2010,64,0.00738944,7369.0,54.452785,1129,35,5359
155,化学,070301,化学类,理学,76.2902,67.1037,90.882,70.5602,1865,124,0.00643572,7224.0,46.491628,1041,39,5359
156,公安情报学,030610TK,公安学类,法学,76.028,67.3421,87.9023,73.3015,1910,88,0.00708647,7269.0,51.51152,1472,30,5359
157,中国少数民族语言文学,050104,中国语言文学类,文学,75.8075,85.2205,56.1979,88.2002,6271,12,0.01219125,11630.0,141.784225,6079,22,5359
158,治安学,030601K,公安学类,法学,75.6407,67.2229,88.975,70.441,1900,103,0.00641453,7259.0,46.563058,1472,30,5359
159,国际经济发展合作,020403T,经济与贸易类,经济学,75.5036,86.5316,51.7878,91.0608,6666,9,0.01448015,12025.0,174.12385,6168,19,5359
160,中国共产党历史,030502,马克思主义理论类,法学,75.3248,74.1359,72.1692,81.6448,2804,29,0.00937244,8163.0,76.507214,2240,30,5359
161,物业管理,120209,工商管理类,管理学,75.1549,90.584,49.8212,85.9356,7525,8,0.01113819,12884.0,143.504501,7054,34,5359
162,土木、水利与交通工程,081010T,土木类,工学,74.9553,79.4994,67.2825,78.4267,3672,23,0.00794698,9031.0,71.76915,3203,35,5359
163,交通管理,120407T,公共管理类,管理学,74.7617,84.6246,60.7867,78.5459,5554,16,0.00794801,10913.0,86.736585,4760,34,5359
164,服务科学与工程,080915T,计算机类,工学,74.699,93.087,42.8486,89.8689,10086,5,0.01348556,15445.0,208.284538,9515,35,5359
165,智能测控工程,080720T,电子信息类,工学,74.5262,89.1538,51.7878,82.9559,7089,9,0.00945872,12448.0,117.742167,6623,35,5359
166,电影制作,080913T,计算机类,工学,74.5024,92.9678,42.8486,89.2729,9993,5,0.01327668,15352.0,203.82355,9422,35,5359
167,体育经济与管理,120212T,工商管理类,管理学,74.3653,90.4648,47.6162,86.0548,7523,7,0.01114739,12882.0,143.600718,7052,34,5359
168,水文与水资源工程,081102,水利类,工学,74.3087,71.6329,78.4267,72.8248,2217,44,0.00696925,7576.0,52.799044,937,35,5359
169,电子商务,120801,电子商务类,管理学,74.0584,78.4267,66.6269,77.4732,3472,22,0.00782838,8831.0,69.132461,3045,34,5359
170,医学信息工程,080711T,电子信息类,工学,73.826,88.975,49.8212,83.1943,7087,8,0.00952255,12446.0,118.517669,6622,35,5359
171,智能装备与系统,080806T,自动化类,工学,73.528,74.9702,76.6389,66.8653,2841,39,0.00587209,8200.0,48.15113,2372,35,5359
172,风景园林,082803,建筑类,工学,73.4952,78.3075,63.7068,79.4994,3419,19,0.00829562,8778.0,72.818968,2747,35,5359
173,地理信息科学,070504,地理科学类,理学,73.2271,70.5602,73.8379,76.6389,2069,33,0.00777092,7428.0,57.722429,770,39,5359
174,临床医学,100201K,临床医学类,医学,73.1645,50.298,96.9011,76.5197,1171,285,0.00776329,6530.0,50.694282,803,16,5359
175,商务英语,050262,外国语言文学类,文学,73.1049,61.7402,80.3337,81.1681,1636,51,0.00879398,6995.0,61.513917,76,22,5359
176,涉外警务,030613TK,公安学类,法学,73.0155,66.9845,83.7902,67.5805,1855,62,0.00589709,7214.0,42.5416,1468,30,5359
177,智能视觉工程,080721T,电子信息类,工学,72.935,88.975,47.6162,82.7175,7087,7,0.00945355,12446.0,117.658834,6623,35,5359
178,智能建造,081008T,土木类,工学,72.8963,79.3206,61.8594,78.0691,3666,17,0.00791972,9025.0,71.475517,3203,35,5359
179,外交学,030203,政治学类,法学,72.8933,73.1228,69.1895,77.7116,2323,26,0.00789364,7682.0,60.638979,1968,30,5359
180,跨境电子商务,120803T,电子商务类,管理学,72.8665,78.1883,64.6007,75.9237,3382,20,0.0076138,8741.0,66.552249,3045,34,5359
181,建筑电气与智能化,081004,土木类,工学,72.8367,79.3206,61.8594,77.8308,3666,17,0.0078984,9025.0,71.283057,3203,35,5359
182,农业资源与环境,090201,自然保护与环境生态类,农学,72.7533,71.3945,76.6389,69.4875,2176,39,0.00615463,7535.0,46.375122,994,18,5359
183,安全生产监管,082904T,安全科学与工程类,工学,72.7175,63.6472,84.0286,71.3945,1753,63,0.00664693,7112.0,47.272969,1262,35,5359
184,国际政治,030202,政治学类,法学,72.7145,73.1228,69.1895,76.9964,2323,26,0.00779179,7682.0,59.856493,1968,30,5359
185,历史学,060101,历史学类,历史学,72.5864,68.1764,90.2265,54.9464,1973,118,0.00449622,7332.0,32.966285,172,17,5359
186,房地产开发与管理,120104,管理科学与工程类,管理学,72.3212,81.1681,54.5292,83.0751,4764,11,0.00950176,10123.0,96.186299,4329,34,5359
187,网络安全与执法,083108TK,公安技术类,工学,72.3153,59.6544,91.3588,65.9118,1542,132,0.00571024,6901.0,39.406383,428,35,5359
188,城市水系统工程,081011T,土木类,工学,72.1841,79.857,59.8927,77.1156,3783,15,0.00780385,9142.0,71.342829,3203,35,5359
189,警务指挥与战术,030615TK,公安学类,法学,72.1782,66.6269,80.8701,68.8915,1843,52,0.00609055,7202.0,43.864154,1466,30,5359
190,警犬技术,030605TK,公安学类,法学,72.1365,66.7461,83.2539,65.1967,1847,59,0.0056736,7206.0,40.88398,1463,30,5359
191,森林保护,090503,林学类,农学,72.1245,56.2574,89.3325,73.4207,1482,107,0.00712778,6841.0,48.761137,576,18,5359
192,旅游管理,120901K,旅游管理类,管理学,72.0739,70.9178,82.4791,59.3564,2106,57,0.00521436,7465.0,38.925206,351,33,5359
193,移民管理,030619TK,公安学类,法学,72.0352,66.8653,82.062,66.2694,1848,55,0.00581686,7207.0,41.922076,1468,30,5359
194,材料成型及控制工程,080203,机械类,工学,71.8713,76.8772,68.534,68.534,2993,25,0.00599883,8352.0,50.102213,2519,35,5359
195,植物保护,090103,植物生产类,农学,71.8027,51.0727,91.9547,76.758,1239,139,0.00779052,6598.0,51.401824,689,18,5359
196,遥感科学与技术,081202,测绘类,工学,71.6925,73.3015,70.9178,70.2026,2442,28,0.00636884,7801.0,49.683303,1343,35,5359
197,科学社会主义,030501,马克思主义理论类,法学,71.6508,73.7783,62.9321,80.4529,2601,18,0.00863339,7960.0,68.721759,2241,30,5359
198,人才发展与管理,120421TK,公共管理类,管理学,71.1651,83.1943,54.5292,75.2086,5167,11,0.00744221,10526.0,78.336727,4760,34,5359
199,应急技术与管理,082902T,安全科学与工程类,工学,71.1054,63.3492,79.0822,72.348,1744,46,0.00692885,7103.0,49.215631,1262,35,5359
200,食品科学与工程,082701,食品科学与工程类,工学,71.025,54.41,93.9213,65.5542,1358,167,0.00568975,6717.0,38.218034,734,35,5359
201,城市地下空间工程,081005T,土木类,工学,70.9803,79.1418,57.8665,76.2813,3661,13,0.00773266,9020.0,69.748556,3202,35,5359
202,食品质量与安全,082702,食品科学与工程类,工学,70.8135,54.708,93.7426,64.4815,1367,163,0.0055984,6726.0,37.654859,741,35,5359
203,交通运输,081801,交通运输类,工学,70.7896,63.0513,89.3325,57.211,1738,107,0.00497304,7097.0,35.29364,1083,35,5359
204,精细化工,081308T,化工与制药类,工学,70.733,61.3826,82.4791,69.2491,1600,57,0.00615403,6959.0,42.825892,1129,35,5359
205,过程装备与控制工程,080206,机械类,工学,70.6377,76.6389,65.7926,67.8188,2937,21,0.00595108,8296.0,49.3702,2519,35,5359
206,档案学,120502,图书情报与档案管理类,管理学,70.5781,63.0513,78.4267,71.6329,1738,44,0.00672763,7097.0,47.745996,1380,34,5359
207,健康服务与管理,120410T,公共管理类,管理学,70.4946,82.8367,53.2777,74.851,5105,10,0.00738141,10464.0,77.239048,4760,34,5359
208,精神医学,100205TK,临床医学类,医学,70.4798,54.9464,81.7044,79.6186,1380,54,0.00829748,6739.0,55.916699,842,16,5359
209,智慧建筑与建造,082807T,建筑类,工学,70.444,77.4732,56.1979,79.1418,3221,12,0.00806001,8580.0,69.154872,2753,35,5359
210,医疗保险,120413T,公共管理类,管理学,70.4171,82.7175,53.2777,74.7318,5104,10,0.00738001,10463.0,77.217028,4759,34,5359
211,应用电子技术教育,080716T,电子信息类,工学,70.3874,88.7366,40.5244,82.8367,7084,4,0.00945809,12443.0,117.687029,6623,35,5359
212,零售业管理,120215T,工商管理类,管理学,70.3606,90.1073,37.0083,85.4589,7517,3,0.01110501,12876.0,142.98807,7052,34,5359
213,智能视听工程,080722T,电子信息类,工学,70.3278,88.7366,40.5244,82.5983,7084,4,0.00944948,12443.0,117.579886,6623,35,5359
214,医学影像学,100203TK,临床医学类,医学,70.2563,50.4172,85.2205,81.0489,1174,67,0.00879057,6533.0,57.428781,840,16,5359
215,工业智能,080807T,自动化类,工学,70.1996,74.7318,69.1895,64.3623,2829,26,0.0055964,8188.0,45.823352,2375,35,5359
216,环境生态工程,082504,环境科学与工程类,工学,69.9285,72.4076,65.7926,71.7521,2290,21,0.00675677,7649.0,51.682542,1778,35,5359
217,电子商务及法律,120802T,电子商务类,管理学,69.848,78.0691,56.1979,75.8045,3377,12,0.00760688,8736.0,66.453714,3045,34,5359
218,采矿工程,081501,矿业类,工学,69.7557,53.2777,86.6508,72.4672,1302,81,0.00695288,6661.0,46.313123,815,35,5359
219,物流管理,120601,物流管理与工程类,管理学,69.702,67.938,78.4267,60.3099,1968,44,0.00538461,7327.0,39.453019,977,33,5359
220,数字出版,050307T,新闻传播学类,文学,69.6603,84.3862,40.5244,86.8892,5542,4,0.01159014,10901.0,126.344152,5280,22,5359
221,禁毒学,030604TK,公安学类,法学,69.6395,66.2694,77.7712,63.6472,1829,42,0.00556126,7188.0,39.974314,1462,30,5359
222,船舶电子电气工程,081808TK,交通运输类,工学,69.559,61.621,79.6186,68.1764,1614,49,0.00599139,6973.0,41.777972,1091,35,5359
223,新能源汽车工程,080216T,机械类,工学,69.5322,76.5197,63.7068,66.5077,2934,19,0.00584151,8293.0,48.443663,2519,35,5359
224,公安管理学,030612TK,公安学类,法学,69.4875,66.5077,76.6389,64.2431,1836,39,0.00559618,7195.0,40.264517,1472,30,5359
225,食品安全与检测,082709T,食品科学与工程类,工学,69.4458,53.7545,91.18,64.124,1323,129,0.00559096,6682.0,37.358807,739,35,5359
226,植物科学与技术,090104,植物生产类,农学,69.3832,48.9869,90.4052,72.5864,1062,119,0.00695292,6421.0,44.644726,689,18,5359
227,资源环境科学,082506T,环境科学与工程类,工学,69.3802,72.2288,64.6007,71.5137,2286,20,0.00666002,7645.0,50.915876,1777,35,5359
228,刑事科学技术,083101K,公安技术类,工学,69.3355,61.0846,85.6377,59.7139,1587,72,0.00528253,6946.0,36.692464,428,35,5359
229,古典文献学,050105,中国语言文学类,文学,69.3176,85.6377,37.0083,88.4386,6309,3,0.0122269,11668.0,142.663413,6126,22,5359
230,林学,090501,林学类,农学,69.2968,55.7807,87.2467,65.7926,1438,84,0.00570233,6797.0,38.758724,572,18,5359
231,智能制造工程,080213T,机械类,工学,69.2432,77.1156,61.8594,66.9845,3107,17,0.00587946,8466.0,49.775531,2519,35,5359
232,农业水利工程,082305,农业工程类,工学,69.0256,64.6007,76.2217,66.031,1780,38,0.00573146,7139.0,40.916906,1058,35,5359
233,生态学,071004,生物科学类,理学,69.0107,61.8594,80.3337,64.6007,1638,51,0.00561269,6997.0,39.27198,193,39,5359
234,创业管理,120216T,工商管理类,管理学,69.0018,90.2861,32.8367,85.5781,7519,2,0.0111056,12878.0,143.01792,7053,34,5359
235,电磁场与无线技术,080712T,电子信息类,工学,68.9958,88.5578,37.0083,82.4791,7083,3,0.00944814,12442.0,117.553696,6623,35,5359
236,制药工程,081302,化工与制药类,工学,68.9601,65.0775,73.3611,69.0107,1789,31,0.00612039,7148.0,43.748525,1128,35,5359
237,边防管理,030603K,公安学类,法学,68.9422,65.1967,77.7712,62.5745,1808,42,0.00553196,7167.0,39.647583,1441,30,5359
238,人居环境科学与技术,082805T,建筑类,工学,68.7336,77.354,51.7878,78.6651,3220,9,0.00795518,8579.0,68.247523,2753,35,5359
239,政治学、经济学与哲学,030205T,政治学类,法学,68.7187,72.944,60.7867,73.0632,2313,16,0.00706726,7672.0,54.220053,1968,30,5359
240,智能建造与智慧交通,081012T,土木类,工学,68.6979,78.9035,51.7878,76.0429,3658,9,0.00765342,9017.0,69.010925,3203,35,5359
241,智能车辆工程,080214T,机械类,工学,68.3731,76.4005,60.7867,66.1502,2932,16,0.00575995,8291.0,47.755738,2519,35,5359
242,国内安全保卫,030614TK,公安学类,法学,68.2569,66.3886,74.7914,62.0977,1832,35,0.00552099,7191.0,39.701412,1472,30,5359
243,化学工程与工业生物工程,081305T,化工与制药类,工学,68.2509,61.0846,77.7712,66.3886,1587,42,0.00581974,6946.0,40.423943,1129,35,5359
244,时尚传播,050308T,新闻传播学类,文学,68.227,84.0286,37.0083,86.6508,5484,3,0.01141034,10843.0,123.722306,5280,22,5359
245,集成电路设计与集成系统,080710T,电子信息类,工学,68.1853,89.5113,32.8367,83.5518,7124,2,0.00956185,12483.0,119.360553,6622,35,5359
246,土木、水利与海洋工程,081009T,土木类,工学,67.9917,78.7843,49.8212,76.1621,3657,8,0.00765722,9016.0,69.037483,3203,35,5359
247,汉学与中国学,050112T,中国语言文学类,文学,67.9887,85.8164,32.8367,88.677,6312,2,0.01224801,11671.0,142.946494,6130,22,5359
248,国际事务与国际关系,030204T,政治学类,法学,67.9768,72.8248,57.8665,74.3743,2310,13,0.00736371,7669.0,56.472312,1968,30,5359
249,能源化学工程,081304T,化工与制药类,工学,67.941,63.528,73.8379,66.7461,1752,33,0.00586952,7111.0,41.738142,1129,35,5359
250,机器人工程,080803T,自动化类,工学,67.8397,80.3337,51.7878,70.3218,4019,9,0.00640669,9378.0,60.081977,2374,35,5359
251,公共关系学,120409T,公共管理类,管理学,67.643,83.0751,45.1132,74.4934,5161,6,0.00736483,10520.0,77.477986,4759,34,5359
252,市场营销教育,120214T,工商管理类,管理学,67.3927,90.2861,28.0691,85.8164,7519,1,0.01111589,12878.0,143.150407,7054,34,5359
253,养老服务管理,120414T,公共管理类,管理学,67.3927,82.5983,45.1132,74.2551,5101,6,0.00730418,10460.0,76.40168,4760,34,5359
254,警卫学,030609TK,公安学类,法学,67.3659,66.1502,72.944,61.5018,1827,30,0.00542139,7186.0,38.958075,1472,30,5359
255,翻译,050261,外国语言文学类,文学,67.2586,61.5018,66.6269,77.354,1612,22,0.00782277,6971.0,54.532547,76,22,5359
256,应急装备技术与工程,080219T,机械类,工学,67.1365,76.1621,57.8665,65.6734,2929,13,0.00570108,8288.0,47.250583,2519,35,5359
257,邮政工程,080804T,自动化类,工学,66.9904,74.851,59.118,65.435,2839,14,0.00568871,8198.0,46.63605,2376,35,5359
258,工业设计,080205,机械类,工学,66.7014,76.758,56.1979,65.3159,2979,12,0.00568791,8338.0,47.425762,2519,35,5359
259,农林经济管理,120301,农业经济管理类,管理学,66.6895,62.8129,74.3147,62.2169,1737,34,0.00552622,7096.0,39.214037,1381,33,5359
260,会展,050310T,新闻传播学类,文学,66.6597,83.9094,32.8367,86.4124,5482,2,0.01136424,10841.0,123.199683,5279,22,5359
261,材料科学与工程,080401,材料类,工学,66.615,61.2634,84.9821,49.4636,1592,66,0.00394179,6951.0,27.399359,1125,35,5359
262,反恐警务,030621TK,公安学类,法学,66.5465,65.6734,72.1692,60.0715,1820,29,0.00534276,7179.0,38.355669,1466,30,5359
263,公安政治工作,030618TK,公安学类,法学,66.5018,65.9118,70.9178,61.2634,1825,28,0.00539896,7184.0,38.786145,1472,30,5359
264,地理空间信息工程,081205T,测绘类,工学,66.3945,67.5805,67.938,62.3361,1929,24,0.00552975,7288.0,40.300798,1343,35,5359
265,信息资源管理,120503,图书情报与档案管理类,管理学,66.3468,62.6937,67.938,69.9642,1724,24,0.00629584,7083.0,44.593449,1380,34,5359
266,心理学,071101,心理学类,理学,66.0787,44.8153,79.857,80.8105,951,50,0.00871599,6310.0,54.997906,673,39,5359
267,电波传播与天线,080713T,电子信息类,工学,65.7896,88.4386,28.0691,82.36,7081,1,0.00944162,12440.0,117.453696,6623,35,5359
268,机械工艺技术,080209T,机械类,工学,65.7718,76.0429,54.5292,65.0775,2926,11,0.00564133,8285.0,46.738452,2519,35,5359
269,历史建筑保护工程,082804T,建筑类,工学,65.6168,77.2348,42.8486,78.9035,3214,5,0.00796696,8573.0,68.300744,2747,35,5359
270,地质工程,081401,地质类,工学,65.6079,50.1788,84.9821,63.1704,1170,66,0.00555235,6529.0,36.25127,558,35,5359
271,教育学,040101,教育学类,教育学,65.5036,50.5364,92.789,51.2515,1206,145,0.00414996,6565.0,27.244494,842,16,5359
272,粮食工程,082703,食品科学与工程类,工学,65.3695,53.0393,82.4791,61.1442,1301,57,0.00539595,6660.0,35.937,743,35,5359
273,动植物检疫,090403T,动物医学类,农学,65.0953,36.2336,94.5173,70.0834,744,173,0.00635477,6103.0,38.783171,318,18,5359
274,水质科学与技术,082507T,环境科学与工程类,工学,64.7884,72.1097,51.7878,71.2753,2283,9,0.00660562,7642.0,50.480162,1782,35,5359
275,应用心理学,071102,心理学类,理学,64.556,44.5769,75.8641,80.6913,948,37,0.00868113,6307.0,54.751875,674,39,5359
276,工会学,030505TK,马克思主义理论类,法学,64.5143,73.6591,42.8486,80.2145,2595,5,0.00854514,7954.0,67.968013,2243,30,5359
277,医疗产品管理,120412T,公共管理类,管理学,64.4487,82.4791,37.0083,74.0167,5097,3,0.00722519,10456.0,75.546562,4759,34,5359
278,消防工程,083102K,公安技术类,工学,64.3623,55.4231,78.0691,59.4756,1389,43,0.00521616,6748.0,35.198627,401,35,5359
279,卫生检验与检疫,101007,医学技术类,医学,64.3057,46.7223,89.8093,56.7342,1005,113,0.00490318,6364.0,31.203838,812,16,5359
280,生物工程,083001,生物工程类,工学,64.1836,49.3445,86.2932,56.9726,1112,76,0.00494249,6471.0,31.982832,304,35,5359
281,出入境管理,030620TK,公安学类,法学,64.1418,65.3159,65.7926,59.9523,1814,21,0.00533156,7173.0,38.243288,1468,30,5359
282,图书馆学,120501,图书情报与档案管理类,管理学,64.118,62.5149,61.8594,69.8451,1718,17,0.00622472,7077.0,44.052372,1380,34,5359
283,化学生物学,070303T,化学类,理学,64.1061,55.3039,70.9178,68.6532,1388,28,0.0060102,6747.0,40.550838,1064,39,5359
284,水土保持与荒漠化防治,090203,自然保护与环境生态类,农学,64.0584,67.4613,62.9321,60.1907,1913,18,0.00536971,7272.0,39.048531,994,18,5359
285,哲学,010101,哲学类,哲学,64.0525,46.4839,92.2527,52.6818,1000,141,0.0042351,6359.0,26.931011,823,17,5359
286,水务工程,081104T,水利类,工学,64.0435,68.9511,57.8665,64.8391,1994,13,0.0056378,7353.0,41.454709,937,35,5359
287,电气工程与智能控制,080604T,电气类,工学,63.8558,71.2753,62.9321,53.2777,2166,18,0.00431407,7525.0,32.463386,1605,35,5359
288,基础医学,100101K,基础医学类,医学,63.2777,46.6031,87.6043,55.8999,1002,86,0.00476397,6361.0,30.303632,814,16,5359
289,智能交互设计,080218T,机械类,工学,63.2151,75.9237,47.6162,64.7199,2923,7,0.00561322,8282.0,46.488729,2519,35,5359
290,农村区域发展,120302,农业经济管理类,管理学,63.1943,62.3361,67.938,57.9261,1713,24,0.0050738,7072.0,35.881943,1370,33,5359
291,数据警务技术,083111TK,公安技术类,工学,63.1734,56.1383,77.7712,53.9928,1464,42,0.0044436,6823.0,30.318652,428,35,5359
292,放射医学,100206TK,临床医学类,医学,62.8725,50.0596,68.534,75.447,1164,25,0.00757744,6523.0,49.427615,842,16,5359
293,生物统计学,071204T,统计学类,理学,62.8635,87.0083,12.5745,94.6365,6732,0,0.02022576,12091.0,244.549616,6284,39,5359
294,能源化学,070305T,化学类,理学,62.7235,55.6615,65.7926,69.7259,1399,21,0.00619478,6758.0,41.864331,1064,39,5359
295,矿物资源工程,081505T,矿业类,工学,62.6311,52.0858,81.7044,52.801,1279,54,0.00423848,6638.0,28.135028,815,35,5359
296,地理科学,070501,地理科学类,理学,62.5179,53.8737,74.3147,59.8331,1325,34,0.00532445,6684.0,35.588652,770,39,5359
297,交通设备与控制工程,081806T,交通运输类,工学,62.4792,60.7867,72.944,50.5364,1578,30,0.00406913,6937.0,28.227545,1090,35,5359
298,医学检验技术,101001,医学技术类,医学,62.3838,45.7688,84.9821,57.3302,982,66,0.00499343,6341.0,31.663356,817,16,5359
299,环保设备工程,082505T,环境科学与工程类,工学,62.3748,71.9905,45.1132,71.1561,2282,6,0.00657377,7641.0,50.230162,1782,35,5359
300,汽车服务工程,080208,机械类,工学,62.351,75.8045,45.1132,64.9583,2922,6,0.00564039,8281.0,46.708072,2519,35,5359
301,智慧交通,081811T,交通运输类,工学,62.0858,60.9058,70.9178,51.6091,1581,28,0.00416343,6940.0,28.894212,1089,35,5359
302,药学,100701,药学类,医学,62.0798,49.5828,81.2872,55.1847,1146,53,0.00453314,6505.0,29.488066,505,16,5359
303,智慧应急,082905TK,安全科学与工程类,工学,62.0769,62.5149,56.1979,69.6067,1718,12,0.0061776,7077.0,43.718846,1262,35,5359
304,农业工程,082301,农业工程类,工学,62.0769,56.6746,74.7914,52.9201,1500,35,0.00425843,6859.0,29.20856,1058,35,5359
305,工程软件,081013T,土木类,工学,61.8802,78.6651,32.8367,75.6853,3650,2,0.00758578,9009.0,68.340261,3202,35,5359
306,乳品工程,082704,食品科学与工程类,工学,61.8594,52.503,73.3611,60.7271,1300,31,0.00538792,6659.0,35.878177,744,35,5359
307,材料化学,080403,材料类,工学,61.3141,60.0715,76.2217,42.4315,1567,38,0.00370417,6926.0,25.655094,1128,35,5359
308,慈善管理,120418T,公共管理类,管理学,61.3022,82.36,28.0691,74.1359,5096,1,0.00722608,10455.0,75.548671,4760,34,5359
309,自然地理与资源环境,070502,地理科学类,理学,60.9595,56.0191,64.6007,63.7664,1450,20,0.00556692,6809.0,37.905143,770,39,5359
310,消防指挥,030608TK,公安学类,法学,60.9207,64.7199,57.8665,59.118,1783,13,0.00520042,7142.0,37.141433,1445,30,5359
311,中国古典学,050111T,中国语言文学类,文学,60.7956,85.6377,12.5745,88.5578,6309,0,0.01224298,11668.0,142.851065,6129,22,5359
312,数字人文,050110T,中国语言文学类,文学,60.6645,85.4589,12.5745,88.3194,6302,0,0.0122184,11661.0,142.478733,6122,22,5359
313,动物医学,090401,动物医学类,农学,60.6377,36.1144,92.1335,55.7807,726,140,0.00472305,6085.0,28.739784,309,18,5359
314,手语翻译,050109T,中国语言文学类,文学,60.5572,85.3397,12.5745,88.081,6278,0,0.0121826,11637.0,141.768917,6098,22,5359
315,能源与动力工程,080501,能源动力类,工学,60.5513,70.3218,56.1979,51.0131,2058,12,0.00412943,7417.0,30.62797,1564,35,5359
316,老年学,030306T,社会学类,法学,60.4201,66.031,47.6162,69.3683,1826,7,0.00615457,7185.0,44.220584,1410,30,5359
317,地理国情监测,081204T,测绘类,工学,60.1758,64.8391,56.1979,58.2837,1784,12,0.00508626,7143.0,36.331184,1343,35,5359
318,广播电视工程,080707T,电子信息类,工学,60.0864,87.9619,12.5745,82.0024,7079,0,0.00942591,12438.0,117.23941,6622,35,5359
319,柔性电子学,080719T,电子信息类,工学,60.0864,87.9619,12.5745,82.0024,7079,0,0.00942591,12438.0,117.23941,6622,35,5359
320,水声工程,080708T,电子信息类,工学,60.0864,87.9619,12.5745,82.0024,7079,0,0.00942591,12438.0,117.23941,6622,35,5359
321,海洋信息工程,080718T,电子信息类,工学,60.0864,87.9619,12.5745,82.0024,7079,0,0.00942591,12438.0,117.23941,6622,35,5359
322,电子封装技术,080709T,电子信息类,工学,60.0864,87.9619,12.5745,82.0024,7079,0,0.00942591,12438.0,117.23941,6622,35,5359
323,铁道工程,081007T,土木类,工学,60.0745,78.5459,28.0691,75.3278,3648,1,0.00757068,9007.0,68.189111,3201,35,5359
324,安全防范工程,083104TK,公安技术类,工学,59.562,49.2253,78.8439,49.1061,1096,45,0.00393587,6455.0,25.406055,428,35,5359
325,机电技术教育,080211T,机械类,工学,59.1806,75.5662,37.0083,64.0048,2919,3,0.00557703,8278.0,46.166658,2519,35,5359
326,物流工程,120602,物流管理与工程类,管理学,59.0971,53.6353,67.2825,56.3766,1317,23,0.00483509,6676.0,32.279091,977,33,5359
327,仿生科学与工程,080215T,机械类,工学,59.0465,75.5662,37.0083,63.4684,2919,3,0.00556111,8278.0,46.03484,2519,35,5359
328,微机电系统工程,080210T,机械类,工学,59.0465,75.5662,37.0083,63.4684,2919,3,0.00556111,8278.0,46.03484,2519,35,5359
329,土地整治工程,082306T,农业工程类,工学,59.0465,56.9726,64.6007,54.5888,1510,20,0.00447528,6869.0,30.740678,1060,35,5359
330,矿物加工工程,081503,矿业类,工学,58.8886,51.7282,74.3147,48.7485,1262,34,0.00392712,6621.0,26.001438,815,35,5359
331,种子科学与工程,090105,植物生产类,农学,58.7694,45.5304,75.8641,56.0191,980,37,0.00476584,6339.0,30.210635,689,18,5359
332,国际组织与全球治理,030206TK,政治学类,法学,58.6025,72.7056,32.8367,72.1097,2299,2,0.00692036,7658.0,52.996122,1968,30,5359
333,乡村治理,120303TK,农业经济管理类,管理学,58.3939,62.2169,54.5292,57.6877,1710,11,0.00505649,7069.0,35.744349,1370,33,5359
334,兽医公共卫生,090406TK,动物医学类,农学,58.3761,35.3993,86.8296,55.3039,674,82,0.00460023,6033.0,27.753171,312,18,5359
335,运动训练,040202K,体育学类,教育学,58.3075,24.1955,87.6043,71.8713,364,86,0.00680409,5723.0,38.939808,239,16,5359
336,会展经济与管理,120903,旅游管理类,管理学,58.2628,70.7986,45.1132,56.615,2098,6,0.00487352,7457.0,36.341872,351,33,5359
337,护理学,101101K,护理学类,医学,58.1734,43.6234,72.1692,61.8594,929,29,0.00545693,6288.0,34.313164,831,16,5359
338,资源循环科学与工程,081303T,化工与制药类,工学,57.7294,59.118,53.2777,61.7402,1536,10,0.00544869,6895.0,37.568703,1128,35,5359
339,水利科学与工程,081105T,水利类,工学,57.6222,54.5888,60.7867,58.0453,1362,16,0.00507616,6721.0,34.116875,937,35,5359
340,汽车维修工程教育,080212T,机械类,工学,57.5954,75.3278,32.8367,63.8856,2918,2,0.00556916,8277.0,46.095951,2519,35,5359
341,交通管理工程,083103TK,公安技术类,工学,57.4345,43.0274,85.6377,41.0012,920,72,0.00352738,6279.0,22.148399,428,35,5359
342,儿科学,100207TK,临床医学类,医学,57.2139,49.8808,54.5292,72.7056,1148,11,0.00695829,6507.0,45.277615,839,16,5359
343,分子科学与工程,070304T,化学类,理学,57.1752,55.1251,51.7878,67.9976,1387,9,0.00598639,6746.0,40.384172,1064,39,5359
344,质量管理工程,120703T,工业工程类,管理学,57.1484,63.3492,54.5292,50.8939,1744,11,0.00407695,7103.0,28.958553,1132,34,5359
345,勘查技术与工程,081402,地质类,工学,57.1216,49.1061,72.944,47.795,1070,30,0.00386748,6429.0,24.864051,558,35,5359
346,预防医学,100401K,公共卫生与预防医学类,医学,57.0977,29.0226,91.6567,53.6353,470,136,0.00438359,5829.0,25.551949,261,16,5359
347,智能采矿工程,081507T,矿业类,工学,57.0858,51.6091,68.534,49.8212,1250,25,0.00397194,6609.0,26.250583,815,35,5359
348,冶金工程,080404,材料类,工学,57.0798,59.9523,64.6007,41.9547,1549,20,0.003652,6908.0,25.227982,1128,35,5359
349,食品营养与健康,082710T,食品科学与工程类,工学,56.9756,54.2312,56.1979,62.4553,1357,12,0.00553031,6716.0,37.141567,744,35,5359
350,中医学,100501K,中医学类,医学,56.907,45.292,75.3278,49.702,975,36,0.00396595,6334.0,25.120312,824,16,5359
351,飞行技术,081805K,交通运输类,工学,56.8445,60.6675,51.7878,57.8069,1577,9,0.00505973,6936.0,35.094303,1091,35,5359
352,港口航道与海岸工程,081103,水利类,工学,56.767,54.41,57.8665,58.9988,1358,13,0.00519616,6717.0,34.902589,934,35,5359
353,动物药学,090402,动物医学类,农学,56.5882,35.9952,80.8701,55.5423,713,52,0.00463998,6072.0,28.173944,317,18,5359
354,职业卫生工程,082903T,安全科学与工程类,工学,56.4451,61.9785,42.8486,66.6269,1701,5,0.00586731,7060.0,41.423183,1248,35,5359
355,采购管理,120603T,物流管理与工程类,管理学,56.2843,53.5161,59.8927,55.6615,1312,15,0.0046546,6671.0,31.050819,977,33,5359
356,野生动物与自然保护区管理,090202,自然保护与环境生态类,农学,56.2187,54.8272,57.8665,56.1383,1378,13,0.00479555,6737.0,32.307602,993,18,5359
357,化学测量学与技术,070306T,化学类,理学,56.1651,55.5423,47.6162,69.1299,1390,7,0.0061319,6749.0,41.384172,1064,39,5359
358,智能电网信息工程,080602T,电气类,工学,56.1054,71.0369,42.8486,50.7747,2154,5,0.00407621,7513.0,30.624558,1605,35,5359
359,金属材料工程,080405,材料类,工学,56.0906,59.8331,62.9321,40.5244,1547,18,0.00349926,6906.0,24.165904,1128,35,5359
360,资源勘查工程,081403K,地质类,工学,55.882,49.4636,69.8451,46.6031,1131,27,0.00382347,6490.0,24.814338,558,35,5359
361,动物科学,090301,动物生产类,农学,55.8105,35.5185,89.1538,41.5971,680,106,0.00362029,6039.0,21.862954,320,18,5359
362,农业机械化及其自动化,082302,农业工程类,工学,55.7002,56.8534,56.1979,53.1585,1502,12,0.00430246,6861.0,29.519192,1057,35,5359
363,无障碍管理,120420TK,公共管理类,管理学,55.6943,82.1216,12.5745,73.7783,5095,0,0.00722493,10454.0,75.529441,4760,34,5359
364,海外安全管理,120416TK,公共管理类,管理学,55.6943,82.1216,12.5745,73.7783,5095,0,0.00722493,10454.0,75.529441,4760,34,5359
365,航空安防管理,120419TK,公共管理类,管理学,55.6943,82.1216,12.5745,73.7783,5095,0,0.00722493,10454.0,75.529441,4760,34,5359
366,大气科学,070601,大气科学类,理学,55.6794,27.9499,79.0822,67.2825,459,46,0.0058819,5818.0,34.220904,185,39,5359
367,增材制造工程,080217T,机械类,工学,55.6108,75.2086,28.0691,62.8129,2917,1,0.00553896,8276.0,45.840395,2519,35,5359
368,海警后勤管理,120411TK,公共管理类,管理学,55.5393,81.8832,12.5745,73.5399,5094,0,0.00722164,10453.0,75.487774,4759,34,5359
369,核电技术与控制工程,080805T,自动化类,工学,55.4916,74.6126,28.0691,63.2896,2826,1,0.00555835,8185.0,45.495094,2376,35,5359
370,公安视听技术,083105TK,公安技术类,工学,55.3724,40.9416,84.6841,37.4255,913,65,0.00338406,6272.0,21.224835,428,35,5359
371,智能工程与创意设计,080808T,自动化类,工学,55.3456,74.4338,28.0691,62.9917,2825,1,0.00554792,8184.0,45.404185,2376,35,5359
372,轨道交通信号与控制,080802T,自动化类,工学,55.3456,74.4338,28.0691,62.9917,2825,1,0.00554792,8184.0,45.404185,2376,35,5359
373,葡萄与葡萄酒工程,082706T,食品科学与工程类,工学,55.2682,52.503,54.5292,60.7271,1300,11,0.00538792,6659.0,35.878177,744,35,5359
374,酿酒工程,082705,食品科学与工程类,工学,55.2682,52.503,54.5292,60.7271,1300,11,0.00538792,6659.0,35.878177,744,35,5359
375,人类学,030303T,社会学类,法学,55.003,65.7926,32.8367,68.7723,1823,2,0.00605271,7182.0,43.470584,1411,30,5359
376,文化遗产,060107T,历史学类,历史学,54.994,68.0572,40.5244,54.3504,1972,4,0.0044573,7331.0,32.67643,174,17,5359
377,生态修复学,090208TK,自然保护与环境生态类,农学,54.5679,51.9666,57.8665,54.112,1271,13,0.00444686,6630.0,29.482707,994,18,5359
378,智能运输工程,081812T,交通运输类,工学,54.1716,60.5483,49.8212,50.0596,1574,8,0.00401877,6933.0,27.86216,1091,35,5359
379,水产养殖学,090601,水产类,农学,54.0941,33.7902,85.4589,42.6698,566,71,0.00372499,5925.0,22.070583,215,18,5359
380,电机电器智能化,080605T,电气类,工学,54.0584,69.9642,40.5244,47.5566,2005,4,0.00385505,7364.0,28.388597,1605,35,5359
381,园艺,090102,植物生产类,农学,54.0197,44.2193,67.2825,51.1323,942,23,0.00413293,6301.0,26.041619,687,18,5359
382,新能源科学与工程,080503T,能源动力类,工学,53.9213,68.9511,40.5244,48.6293,1994,4,0.00392439,7353.0,28.856047,1564,35,5359
383,麻醉学,100202TK,临床医学类,医学,53.7276,49.702,45.1132,72.2288,1147,6,0.00692094,6506.0,45.027615,842,16,5359
384,智慧农业,090112T,植物生产类,农学,53.6651,44.9344,64.6007,52.3242,963,20,0.00421596,6322.0,26.65332,689,18,5359
385,俄语,050202,外国语言文学类,文学,53.3969,21.4541,84.0286,61.621,291,63,0.0054458,5650.0,30.76876,74,22,5359
386,船舶与海洋工程,081901,海洋工程类,工学,53.3552,30.1549,81.2872,51.3707,483,53,0.00415158,5842.0,24.253511,29,35,5359
387,高分子材料与工程,080407,材料类,工学,53.2628,59.6544,57.8665,36.5912,1542,13,0.0033375,6901.0,23.032095,1128,35,5359
388,应用气象学,070602,大气科学类,理学,53.2598,27.9499,72.1692,67.2825,459,29,0.0058819,5818.0,34.220904,185,39,5359
389,眼视光医学,100204TK,临床医学类,医学,53.2449,49.8808,42.8486,73.1824,1148,5,0.00707355,6507.0,46.027615,841,16,5359
390,资源化学,070307T,化学类,理学,53.233,55.1251,40.5244,67.9976,1387,4,0.00598639,6746.0,40.384172,1064,39,5359
391,油气储运工程,081504,矿业类,工学,53.0096,51.3111,62.9321,41.8355,1244,18,0.00363083,6603.0,23.974375,813,35,5359
392,生物科学,071001,生物科学类,理学,53.0066,38.975,81.7044,35.2801,897,54,0.00321041,6256.0,20.084306,193,39,5359
393,工业工程,120701,工业工程类,管理学,52.8516,63.0513,47.6162,43.8617,1738,7,0.00377761,7097.0,26.809688,1132,34,5359
394,智慧能源工程,080608TK,电气类,工学,52.8099,69.8451,37.0083,47.6758,2004,3,0.00385819,7363.0,28.40789,1605,35,5359
395,医学影像技术,101003,医学技术类,医学,52.7354,44.3385,61.8594,53.3969,945,17,0.00431837,6304.0,27.223028,830,16,5359
396,能源与环境系统工程,080502T,能源动力类,工学,52.5,68.7723,37.0083,48.1526,1992,3,0.00389556,7351.0,28.636267,1564,35,5359
397,土地科学与技术,090205T,自然保护与环境生态类,农学,52.3331,51.8474,51.7878,53.8737,1267,9,0.00443901,6626.0,29.412866,994,18,5359
398,体能训练,040208T,体育学类,教育学,52.205,23.6591,85.3397,51.4899,346,70,0.00415751,5705.0,23.718578,239,16,5359
399,体育教育,040201,体育学类,教育学,52.1722,23.1824,84.6841,53.0393,340,65,0.00429956,5699.0,24.503214,239,16,5359
400,稀土材料科学与工程,080423T,材料类,工学,52.1424,59.4756,54.5292,37.0679,1540,11,0.0033627,6899.0,23.199238,1128,35,5359
401,中兽医学,090405T,动物医学类,农学,52.1275,35.1609,69.8451,54.4696,670,27,0.00446229,6029.0,26.903171,313,18,5359
402,无人驾驶航空器系统工程,082009T,航空航天类,工学,52.1067,32.8963,79.4398,44.5769,545,48,0.00380948,5904.0,22.491145,100,35,5359
403,教育技术学,040104,教育学类,教育学,52.0173,48.2122,60.7867,45.8284,1022,16,0.00381421,6381.0,24.338504,846,16,5359
404,抢险救援指挥与技术,083106TK,公安技术类,工学,51.9875,54.112,47.6162,54.708,1355,7,0.00447844,6714.0,30.068257,401,35,5359
405,导航工程,081203T,测绘类,工学,51.6478,64.4815,32.8367,57.4493,1779,2,0.00500853,7138.0,35.750881,1343,35,5359
406,智慧水利,081106T,水利类,工学,51.4511,53.9928,45.1132,56.2574,1351,6,0.00482782,6710.0,32.394653,936,35,5359
407,供应链管理,120604T,物流管理与工程类,管理学,51.4392,53.0393,47.6162,54.2312,1301,7,0.0044497,6660.0,29.634977,977,33,5359
408,园林,090502,林学类,农学,51.2992,38.1406,61.8594,57.5685,880,17,0.00501213,6239.0,31.270683,579,18,5359
409,水生动物医学,090604TK,水产类,农学,51.1502,31.2277,82.9559,38.4982,500,58,0.00340172,5859.0,19.930703,215,18,5359
410,食品营养与检验教育,082707T,食品科学与工程类,工学,51.0369,53.3969,40.5244,61.9785,1311,4,0.00547588,6670.0,36.524087,744,35,5359
411,农药化肥,090114T,植物生产类,农学,50.9714,44.0405,59.118,50.6555,935,14,0.0040734,6294.0,25.637952,689,18,5359
412,服装设计与工程,081602,纺织类,工学,50.9416,34.0882,70.9178,49.9404,616,28,0.00400886,5975.0,23.952931,143,35,5359
413,生物制药,083002T,生物工程类,工学,50.8403,48.8677,49.8212,55.4231,1039,8,0.00461219,6398.0,29.508777,304,35,5359
414,湿地保护与恢复,090206T,自然保护与环境生态类,农学,50.7003,51.4899,47.6162,53.7545,1245,7,0.00438791,6604.0,28.977749,993,18,5359
415,生物技术,071002,生物科学类,理学,50.584,34.9225,81.2872,32.6579,638,53,0.00295397,5997.0,17.714978,195,39,5359
416,卫生监督,100404TK,公共卫生与预防医学类,医学,50.3069,25.149,87.0679,39.0942,422,83,0.00343598,5781.0,19.863422,261,16,5359
417,实验动物学,090404T,动物医学类,农学,50.1758,35.2801,63.7068,55.0656,671,19,0.00450301,6030.0,27.153171,319,18,5359
418,农林智能装备工程,080220T,机械类,工学,50.1103,75.0894,12.5745,62.6937,2916,0,0.00553291,8275.0,45.78484,2519,35,5359
419,生物医学科学,100103T,基础医学类,医学,50.0774,45.1132,54.5292,51.7878,967,11,0.00417221,6326.0,26.39343,824,16,5359
420,药物分析,100705T,药学类,医学,50.0745,34.8033,67.2825,50.4172,633,23,0.00405839,5992.0,24.317895,508,16,5359
421,复合材料与工程,080408,材料类,工学,50.0656,59.2968,49.8212,35.6377,1537,8,0.00324332,6896.0,22.365904,1128,35,5359
422,材料物理,080402,材料类,工学,50.0358,59.2968,49.8212,35.5185,1537,8,0.00321915,6896.0,22.199238,1128,35,5359
423,国家公园建设与管理,090207TK,自然保护与环境生态类,农学,49.6931,51.3111,45.1132,53.5161,1244,6,0.0043444,6603.0,28.686082,993,18,5359
424,设施农业科学与工程,090106,植物生产类,农学,49.6096,43.8617,56.1979,49.5828,933,12,0.00394698,6292.0,24.834416,689,18,5359
425,药物制剂,100702,药学类,医学,49.556,41.8951,57.8665,50.1788,917,13,0.00401929,6276.0,25.225043,509,16,5359
426,应用生物科学,090109T,植物生产类,农学,49.4815,44.0405,59.118,44.6961,935,14,0.00381163,6294.0,23.990391,689,18,5359
427,救助与打捞工程,081807T,交通运输类,工学,49.4607,60.4291,37.0083,49.3445,1571,3,0.00394178,6930.0,27.316525,1091,35,5359
428,涂料工程,081307T,化工与制药类,工学,49.4189,57.5685,32.8367,59.5948,1529,2,0.00522747,6888.0,36.006798,1129,35,5359
429,能源互联网工程,080607T,电气类,工学,49.3057,69.7259,28.0691,46.3647,2002,1,0.00381698,7361.0,28.096779,1605,35,5359
430,储能科学与工程,080504T,能源动力类,工学,48.9929,68.534,28.0691,47.0203,1991,1,0.00384206,7350.0,28.239124,1564,35,5359
431,可持续能源,080507TK,能源动力类,工学,48.9929,68.534,28.0691,47.0203,1991,1,0.00384206,7350.0,28.239124,1564,35,5359
432,能源服务工程,080505T,能源动力类,工学,48.9184,68.534,28.0691,46.7223,1991,1,0.00382806,7350.0,28.136267,1564,35,5359
433,药物化学,100706T,药学类,医学,48.8439,35.0417,64.6007,48.8677,639,20,0.00392897,5998.0,23.565972,510,16,5359
434,朝鲜语,050209,外国语言文学类,文学,48.6889,19.0107,75.3278,58.8796,266,36,0.00515657,5625.0,29.005716,76,22,5359
435,农业智能装备工程,082307T,农业工程类,工学,48.674,56.6746,37.0083,52.205,1500,3,0.00419559,6859.0,28.777525,1060,35,5359
436,生物农药科学与工程,090115T,植物生产类,农学,48.4506,43.7426,53.2777,49.2253,931,10,0.00393627,6290.0,24.759128,689,18,5359
437,功能材料,080412T,材料类,工学,48.2151,58.9392,45.1132,35.3993,1535,6,0.00321636,6894.0,22.173605,1128,35,5359
438,人文教育,040103,教育学类,教育学,48.1794,48.2122,49.8212,45.8284,1022,8,0.00381421,6381.0,24.338504,852,16,5359
439,中西医临床医学,100601K,中西医结合类,医学,48.1615,21.8713,87.0679,35.7569,301,83,0.00325426,5660.0,18.419101,147,16,5359
440,光电信息材料与器件,080418T,材料类,工学,48.1257,58.9392,45.1132,35.0417,1535,6,0.00316947,6894.0,21.850349,1128,35,5359
441,缅甸语,050216,外国语言文学类,文学,48.0602,20.441,74.7914,54.8272,280,35,0.00449306,5639.0,25.336379,76,22,5359
442,标准化工程,120702T,工业工程类,管理学,47.6967,55.8999,42.8486,41.3588,1449,5,0.00360511,6808.0,24.543608,1132,34,5359
443,女性学,030304T,社会学类,法学,47.6877,65.4946,12.5745,68.3552,1815,0,0.00599749,7174.0,43.025964,1404,30,5359
444,家政学,030305T,社会学类,法学,47.6877,65.4946,12.5745,68.3552,1815,0,0.00599749,7174.0,43.025964,1404,30,5359
445,咖啡科学与工程,082713T,食品科学与工程类,工学,47.6758,52.503,32.8367,60.7271,1300,2,0.00538792,6659.0,35.878177,744,35,5359
446,白酒酿造工程,082712T,食品科学与工程类,工学,47.6758,52.503,32.8367,60.7271,1300,2,0.00538792,6659.0,35.878177,744,35,5359
447,食用菌科学与工程,082711T,食品科学与工程类,工学,47.6758,52.503,32.8367,60.7271,1300,2,0.00538792,6659.0,35.878177,744,35,5359
448,生物医学,100102TK,基础医学类,医学,47.6579,45.1132,47.6162,51.7878,967,7,0.00417221,6326.0,26.39343,824,16,5359
449,法医学,100901K,法医学类,医学,47.5715,26.6985,79.4398,36.3528,443,48,0.00332277,5802.0,19.278734,158,16,5359
450,纺织工程,081601,纺织类,工学,47.0799,33.7902,69.8451,36.472,566,27,0.00332628,5925.0,19.70818,143,35,5359
451,食品药品环境犯罪侦查技术,083112TK,公安技术类,工学,46.6478,37.7831,67.2825,31.9428,871,23,0.00282964,6230.0,17.628669,428,35,5359
452,科学教育,040102,教育学类,教育学,46.5316,48.2122,45.1132,45.8284,1022,6,0.00381421,6381.0,24.338504,850,16,5359
453,服装设计与工艺教育,081604T,纺织类,工学,46.5077,33.969,64.6007,41.2396,608,20,0.00356733,5967.0,21.286264,143,35,5359
454,服装与服饰设计,130505,设计学类,艺术学,46.463,24.7914,74.7914,41.4779,382,35,0.00361281,5741.0,20.74112,189,16,5359
455,无机非金属材料工程,080406,材料类,工学,46.4183,58.7604,40.5244,34.9225,1533,4,0.00314847,6892.0,21.699238,1128,35,5359
456,烹饪与营养教育,082708T,食品科学与工程类,工学,46.3856,53.0393,28.0691,61.3826,1301,1,0.00540588,6660.0,36.003177,744,35,5359
457,小学教育,040107,教育学类,教育学,46.3796,47.199,45.1132,46.8415,1015,6,0.00384118,6374.0,24.483689,843,16,5359
458,地下水科学与工程,081404T,地质类,工学,46.3766,46.0072,53.2777,37.3063,988,10,0.00338321,6347.0,21.473225,558,35,5359
459,环境设计,130503,设计学类,艺术学,46.2158,18.534,76.6389,47.9142,260,39,0.00388301,5619.0,21.81863,189,16,5359
460,气象技术与工程,070603T,大气科学类,理学,46.1263,27.9499,51.7878,67.2825,459,9,0.0058819,5818.0,34.220904,185,39,5359
461,宗教学,010103K,哲学类,哲学,46.1174,46.3647,42.8486,50.298,993,5,0.00405825,6352.0,25.778009,822,17,5359
462,逻辑学,010102,哲学类,哲学,46.1084,46.1859,45.1132,47.3778,991,6,0.0038549,6350.0,24.47863,823,17,5359
463,地质学,070901,地质学类,理学,45.9952,37.3063,65.7926,32.1812,810,21,0.00288277,6169.0,17.783815,220,39,5359
464,临床药学,100703TK,药学类,医学,45.8105,34.4458,60.7867,43.0274,625,16,0.00373981,5984.0,22.379006,510,16,5359
465,生物育种科学,090116TK,植物生产类,农学,45.7956,44.6961,45.1132,48.5101,949,6,0.00391555,6308.0,24.69928,689,18,5359
466,农业建筑环境与能源工程,082304,农业工程类,工学,45.5334,56.4958,28.0691,52.4434,1499,1,0.0042226,6858.0,28.95856,1060,35,5359
467,旅游管理与服务教育,120904T,旅游管理类,管理学,45.5215,35.7569,62.9321,36.77,707,18,0.00334469,6066.0,20.28889,351,33,5359
468,医学实验技术,101002,医学技术类,医学,45.4559,40.5244,54.5292,40.6436,907,11,0.00350198,6266.0,21.943382,825,16,5359
469,运动康复,040206T,体育学类,教育学,45.441,22.8248,77.354,36.9487,319,41,0.00334927,5678.0,19.017156,239,16,5359
470,农业电气化,082303,农业工程类,工学,45.3665,56.3766,28.0691,51.9666,1498,1,0.00418675,6857.0,28.70856,1060,35,5359
471,新能源材料与器件,080414T,材料类,工学,45.0506,58.6412,37.0083,34.565,1532,3,0.00313019,6891.0,21.570129,1128,35,5359
472,法语,050204,外国语言文学类,文学,44.7467,19.1895,75.8641,42.0739,267,37,0.00365898,5626.0,20.585426,76,22,5359
473,消防政治工作,030622TK,公安学类,法学,44.702,64.0644,12.5745,58.7008,1770,0,0.00512811,7129.0,36.558262,1445,30,5359
474,铁路警务,030623TK,公安学类,法学,44.702,64.0644,12.5745,58.7008,1770,0,0.00512811,7129.0,36.558262,1445,30,5359
475,海警执法,030617TK,公安学类,法学,44.5858,63.8856,12.5745,58.5221,1768,0,0.00511832,7127.0,36.478262,1443,30,5359
476,旅游地学与规划工程,081405T,地质类,工学,44.5828,45.888,49.8212,35.1609,984,8,0.00317762,6343.0,20.155643,557,35,5359
477,边防指挥,030607TK,公安学类,法学,44.5084,63.7664,12.5745,58.4029,1766,0,0.00510853,7125.0,36.398262,1441,30,5359
478,药事管理,100704T,药学类,医学,44.4309,34.565,56.1979,43.7426,626,12,0.00377167,5985.0,22.57345,511,16,5359
479,时空信息工程,081206TK,测绘类,工学,44.4189,64.3623,12.5745,57.0918,1777,0,0.00497101,7136.0,35.473103,1343,35,5359
480,人工智能教育,040117TK,教育学类,教育学,44.2521,48.7485,37.0083,47.199,1023,3,0.00384496,6382.0,24.538504,852,16,5359
481,西班牙语,050205,外国语言文学类,文学,44.0971,18.7723,74.3147,42.3123,264,34,0.00369122,5623.0,20.755716,76,22,5359
482,生物育种技术,090117TK,植物生产类,农学,43.975,44.4577,40.5244,48.0334,947,4,0.00388492,6306.0,24.4983,689,18,5359
483,地球系统科学,070604T,大气科学类,理学,43.7902,27.9499,45.1132,67.2825,459,6,0.0058819,5818.0,34.220904,185,39,5359
484,播音与主持艺术,130309,戏剧与影视学类,艺术学,43.6621,5.8403,80.8701,52.0858,205,52,0.00419537,5564.0,23.343064,103,16,5359
485,智慧林业,090505T,林学类,农学,43.6055,38.0215,40.5244,56.8534,877,4,0.0049226,6236.0,30.69735,579,18,5359
486,石油工程,081502,矿业类,工学,43.5518,50.7747,40.5244,36.2336,1230,4,0.00331832,6589.0,21.864418,813,35,5359
487,海洋油气工程,081506T,矿业类,工学,43.4445,50.6555,40.5244,35.9952,1229,4,0.00329627,6588.0,21.715827,812,35,5359
488,光源与照明,080603T,电气类,工学,43.4207,69.4279,12.5745,44.994,2001,0,0.00381206,7360.0,28.056779,1605,35,5359
489,大功率半导体科学与工程,080610TK,电气类,工学,43.4207,69.4279,12.5745,44.994,2001,0,0.00381206,7360.0,28.056779,1605,35,5359
490,电动载运工程,080609T,电气类,工学,43.4207,69.4279,12.5745,44.994,2001,0,0.00381206,7360.0,28.056779,1605,35,5359
491,电缆工程,080606T,电气类,工学,43.4207,69.4279,12.5745,44.994,2001,0,0.00381206,7360.0,28.056779,1605,35,5359
492,氢能科学与工程,080506TK,能源动力类,工学,43.3403,68.2956,12.5745,46.4839,1990,0,0.00382314,7349.0,28.096267,1564,35,5359
493,康复治疗学,101005,医学技术类,医学,43.1436,40.6436,47.6162,40.882,908,7,0.00352496,6267.0,22.090922,830,16,5359
494,食品卫生与营养学,100402,公共卫生与预防医学类,医学,43.1108,24.4338,73.5399,30.3933,375,32,0.00260394,5734.0,14.930965,261,16,5359
495,广播电视编导,130305,戏剧与影视学类,艺术学,42.6996,5.9595,85.8164,41.1204,215,73,0.00356451,5574.0,19.868605,103,16,5359
496,碳储科学与工程,081508TK,矿业类,工学,42.3391,50.8939,37.0083,36.1144,1231,3,0.00331711,6590.0,21.859771,815,35,5359
497,经济林,090504T,林学类,农学,42.2378,37.9023,37.0083,56.4958,875,3,0.004852,6234.0,30.24735,579,18,5359
498,化妆品科学与技术,100708T,药学类,医学,42.2169,34.6841,49.8212,43.6234,627,8,0.00376829,5986.0,22.55697,507,16,5359
499,智能分子工程,081309T,化工与制药类,工学,42.0471,57.0918,12.5745,59.2372,1527,0,0.0052072,6886.0,35.856798,1129,35,5359
500,复合材料成型工程,080416T,材料类,工学,41.8087,58.2837,28.0691,34.6841,1530,1,0.00314177,6889.0,21.643682,1128,35,5359
501,老挝语,050215,外国语言文学类,文学,41.8057,20.143,66.6269,41.7163,273,22,0.00362862,5632.0,20.436379,76,22,5359
502,焊接技术与工程,080411T,材料类,工学,41.7491,58.2837,28.0691,34.4458,1530,1,0.00312242,6889.0,21.510349,1128,35,5359
503,智能材料与结构,080417T,材料类,工学,41.6746,58.2837,28.0691,34.1478,1530,1,0.00309919,6889.0,21.350349,1128,35,5359
504,生物材料,080419T,材料类,工学,41.6746,58.2837,28.0691,34.1478,1530,1,0.00309919,6889.0,21.350349,1128,35,5359
505,材料设计科学与工程,080415T,材料类,工学,41.6299,58.2837,28.0691,33.969,1530,1,0.00309676,6889.0,21.333605,1128,35,5359
506,农艺教育,090110T,植物生产类,农学,41.6061,43.3254,37.0083,45.292,923,3,0.00381404,6282.0,23.959779,688,18,5359
507,卫生教育,040111T,教育学类,教育学,41.6001,47.5566,32.8367,44.3385,1021,2,0.00380175,6380.0,24.255171,851,16,5359
508,运动人体科学,040205,体育学类,教育学,41.171,22.0501,69.1895,32.5387,304,26,0.00293573,5663.0,16.625017,239,16,5359
509,智能无人系统技术,082108T,兵器类,工学,41.0548,27.1752,70.9178,21.4541,446,28,0.00198583,5805.0,11.527724,18,35,5359
510,生物信息学,071003,生物科学类,理学,40.7002,30.2741,59.8927,30.5125,484,15,0.002618,5843.0,15.296981,195,39,5359
511,防灾减灾科学与工程,070803T,地球物理学类,理学,40.6198,24.0763,70.9178,24.6722,361,28,0.00215759,5720.0,12.341429,98,39,5359
512,轨道交通电气与控制,081809T,交通运输类,工学,40.584,60.2503,12.5745,48.3313,1569,0,0.00391084,6928.0,27.094303,1091,35,5359
513,邮轮工程与管理,081810T,交通运输类,工学,40.584,60.2503,12.5745,48.3313,1569,0,0.00391084,6928.0,27.094303,1091,35,5359
514,武术与民族传统体育,040204K,体育学类,教育学,40.3725,21.8713,67.2825,32.3004,301,23,0.00289017,5660.0,16.358351,239,16,5359
515,影视摄影与制作,130311T,戏剧与影视学类,艺术学,40.292,5.7211,82.9559,35.876,199,58,0.00326645,5558.0,18.154906,103,16,5359
516,越南语,050223,外国语言文学类,文学,40.1639,19.6067,69.1895,32.4195,270,26,0.00291995,5629.0,16.436379,76,22,5359
517,新媒体艺术,130511T,设计学类,艺术学,40.1192,17.7592,70.9178,32.7771,250,28,0.00298201,5609.0,16.726107,190,16,5359
518,阿拉伯语,050206,外国语言文学类,文学,40.0119,18.3552,69.8451,32.8963,257,27,0.00300963,5616.0,16.902093,76,22,5359
519,集成电路科学与工程,083204TK,交叉工程类,工学,39.9941,28.8439,68.534,17.8784,469,25,0.00161761,5828.0,9.427434,37,35,5359
520,合成生物学,083003T,生物工程类,工学,39.9791,36.9487,37.0083,48.9869,771,3,0.00393263,6130.0,24.107005,304,35,5359
521,资源环境大数据工程,081407T,地质类,工学,39.9136,45.6496,37.0083,34.8033,981,3,0.00314246,6340.0,19.923225,558,35,5359
522,园艺教育,090111T,植物生产类,农学,39.7765,43.1466,32.8367,44.1001,921,2,0.00378416,6280.0,23.764541,687,18,5359
523,生物医学工程,082601,生物医学工程类,工学,39.6305,30.0358,65.7926,18.3552,478,21,0.00163968,5837.0,9.570788,62,35,5359
524,菌物科学与工程,090113T,植物生产类,农学,39.5501,43.3254,32.8367,42.9082,923,2,0.00373833,6282.0,23.484194,689,18,5359
525,泰语,050220,外国语言文学类,文学,39.3206,20.0238,65.7926,33.1347,272,21,0.00307874,5631.0,17.336379,76,22,5359
526,核物理,070203,物理学类,理学,39.121,38.8558,42.8486,34.3266,893,5,0.00310007,6252.0,19.381636,660,39,5359
527,社会体育指导与管理,040203,体育学类,教育学,38.975,21.6925,64.6007,30.7509,299,20,0.00263144,5658.0,14.888708,239,16,5359
528,智能飞行器技术,082010T,航空航天类,工学,38.9631,31.7044,60.7867,20.0238,513,16,0.00177574,5872.0,10.427166,100,35,5359
529,医疗器械与装备工程,101015TK,医学技术类,医学,38.8349,40.3456,37.0083,38.975,904,3,0.00342772,6263.0,21.467826,830,16,5359
530,眼视光学,101004,医学技术类,医学,38.7455,40.3456,37.0083,38.6174,904,3,0.00340717,6263.0,21.339108,830,16,5359
531,轻化工程,081701,轻工类,工学,38.6532,32.5387,59.118,19.7855,530,14,0.00174142,5889.0,10.255245,121,35,5359
532,视觉传达设计,130502,设计学类,艺术学,38.6174,17.2825,67.938,31.7044,246,24,0.00279692,5605.0,15.676724,190,16,5359
533,日语,050207,外国语言文学类,文学,38.3909,18.0572,67.938,29.559,252,24,0.00253409,5611.0,14.21876,74,22,5359
534,傣医学,100508TK,中医学类,医学,38.2032,41.8951,32.8367,39.8093,917,2,0.00349804,6276.0,21.953706,822,16,5359
535,生物质科学与工程,090204T,自然保护与环境生态类,农学,37.9708,51.0727,12.5745,52.5626,1239,0,0.00423115,6598.0,27.91715,994,18,5359
536,茶学,090107T,植物生产类,农学,37.8337,42.9082,28.0691,43.385,919,1,0.0037565,6278.0,23.583291,686,18,5359
537,运动能力开发,040213T,体育学类,教育学,37.8188,21.5733,61.8594,30.1549,295,17,0.00258667,5654.0,14.625017,239,16,5359
538,酒店管理,120902,旅游管理类,管理学,37.7831,35.7569,40.5244,37.1871,707,4,0.00337413,6066.0,20.467461,348,33,5359
539,中药学,100801,中药学类,医学,37.7235,24.553,59.118,28.8439,376,14,0.00244333,5735.0,14.012505,187,16,5359
540,数字媒体艺术,130508,设计学类,艺术学,37.5924,17.0441,65.7926,30.9893,243,21,0.00265464,5602.0,14.871297,190,16,5359
541,辐射防护与核安全,082202,核工程类,工学,37.5238,29.9166,57.8665,21.2157,477,13,0.00194778,5836.0,11.367219,69,35,5359
542,弹药工程与爆炸技术,082104,兵器类,工学,37.3361,25.9833,62.9321,19.6663,433,18,0.00173463,5792.0,10.046955,18,35,5359
543,健康与医疗保障,101016TK,医学技术类,医学,37.2736,40.1669,32.8367,38.8558,903,2,0.0034231,6262.0,21.435445,830,16,5359
544,中医康复学,100510TK,中医学类,医学,37.1066,42.7294,28.0691,40.7628,918,1,0.00352404,6277.0,22.120372,824,16,5359
545,经济动物学,090304T,动物生产类,农学,37.059,33.5518,47.6162,27.8903,557,7,0.00229837,5916.0,13.597175,322,18,5359
546,海洋渔业科学与技术,090602,水产类,农学,36.8564,27.5328,51.7878,30.8701,451,9,0.00264399,5810.0,15.361583,215,18,5359
547,饲料工程,090306T,动物生产类,农学,36.761,33.5518,47.6162,26.6985,557,7,0.00225818,5916.0,13.359397,322,18,5359
548,森林工程,082401,林业工程类,工学,36.612,36.8296,42.8486,27.5328,751,5,0.00228367,6110.0,13.953199,349,35,5359
549,蒙古语,050218,外国语言文学类,文学,36.6061,17.5209,63.7068,29.2014,249,19,0.0024808,5608.0,13.91235,76,22,5359
550,中医养生学,100511TK,中医学类,医学,36.5346,41.8951,28.0691,39.8093,917,1,0.00349804,6276.0,21.953706,824,16,5359
551,中医骨伤科学,100513TK,中医学类,医学,36.5346,41.8951,28.0691,39.8093,917,1,0.00349804,6276.0,21.953706,824,16,5359
552,飞行器控制与信息工程,082008T,航空航天类,工学,36.4064,31.5852,53.2777,20.5006,507,10,0.00183712,5866.0,10.776546,100,35,5359
553,助产学,101102TK,护理学类,医学,36.3439,43.5042,12.5745,58.1645,925,0,0.00507848,6284.0,31.913164,829,16,5359
554,智能地球探测,081406T,地质类,工学,36.2425,45.4112,28.0691,33.0155,978,1,0.00307745,6337.0,19.501797,557,35,5359
555,化妆品技术与工程,081705T,轻工类,工学,35.8969,32.4195,54.5292,15.3754,527,11,0.00155221,5886.0,9.136328,121,35,5359
556,宝石及材料工艺学,080410T,材料类,工学,35.8164,57.5685,12.5745,33.5518,1529,0,0.00309384,6888.0,21.310349,1128,35,5359
557,材料智能技术,080420T,材料类,工学,35.8164,57.5685,12.5745,33.5518,1529,0,0.00309384,6888.0,21.310349,1128,35,5359
558,电子信息材料,080421T,材料类,工学,35.8164,57.5685,12.5745,33.5518,1529,0,0.00309384,6888.0,21.310349,1128,35,5359
559,粉体材料科学与工程,080409T,材料类,工学,35.8164,57.5685,12.5745,33.5518,1529,0,0.00309384,6888.0,21.310349,1128,35,5359
560,纳米材料与技术,080413T,材料类,工学,35.8164,57.5685,12.5745,33.5518,1529,0,0.00309384,6888.0,21.310349,1128,35,5359
561,软物质科学与工程,080422T,材料类,工学,35.8164,57.5685,12.5745,33.5518,1529,0,0.00309384,6888.0,21.310349,1128,35,5359
562,测控技术与仪器,080301,仪器类,工学,35.6615,40.9416,37.0083,25.3278,913,3,0.00219105,6272.0,13.742276,515,35,5359
563,精密仪器,080302T,仪器类,工学,35.6615,40.9416,37.0083,25.3278,913,3,0.00219105,6272.0,13.742276,515,35,5359
564,智能感知工程,080303T,仪器类,工学,35.587,40.9416,37.0083,25.0298,913,3,0.0021775,6272.0,13.657276,515,35,5359
565,老年医学与健康,101017TK,医学技术类,医学,35.5274,40.0477,28.0691,38.7366,902,1,0.00341604,6261.0,21.387826,830,16,5359
566,葡萄牙语,050232,外国语言文学类,文学,35.1579,17.1633,59.8927,29.3206,245,15,0.00249264,5604.0,13.96876,76,22,5359
567,劳动教育,040114TK,教育学类,教育学,35.1431,48.2122,12.5745,45.8284,1022,0,0.00381421,6381.0,24.338504,852,16,5359
568,婴幼儿发展与健康管理,040118T,教育学类,教育学,35.1431,48.2122,12.5745,45.8284,1022,0,0.00381421,6381.0,24.338504,852,16,5359
569,家庭教育,040115T,教育学类,教育学,35.1431,48.2122,12.5745,45.8284,1022,0,0.00381421,6381.0,24.338504,852,16,5359
570,融合教育,040113T,教育学类,教育学,35.1431,48.2122,12.5745,45.8284,1022,0,0.00381421,6381.0,24.338504,852,16,5359
571,认知科学与技术,040112T,教育学类,教育学,35.1431,48.2122,12.5745,45.8284,1022,0,0.00381421,6381.0,24.338504,852,16,5359
572,德语,050203,外国语言文学类,文学,34.8093,17.4017,61.8594,24.7914,247,17,0.00217067,5606.0,12.16876,76,22,5359
573,伦理学,010104T,哲学类,哲学,34.7199,46.1859,12.5745,47.3778,991,0,0.0038549,6350.0,24.47863,823,17,5359
574,地球物理学,070801,地球物理学类,理学,34.6335,23.3611,57.8665,20.143,342,13,0.00177841,5701.0,10.13874,98,39,5359
575,华文教育,040109T,教育学类,教育学,34.5083,47.5566,12.5745,44.3385,1021,0,0.00380175,6380.0,24.255171,851,16,5359
576,教育康复学,040110TK,教育学类,教育学,34.5083,47.5566,12.5745,44.3385,1021,0,0.00380175,6380.0,24.255171,851,16,5359
577,智慧城市与空间规划,083206T,交叉工程类,工学,34.407,27.4136,57.8665,12.7533,448,13,0.00145769,5807.0,8.464827,38,35,5359
578,地球信息科学与技术,070903T,地质学类,理学,34.3832,37.1871,32.8367,32.062,808,2,0.00283069,6167.0,17.456891,220,39,5359
579,艺术教育,040105,教育学类,教育学,34.3236,47.3182,12.5745,43.9809,1017,0,0.003778,6376.0,24.088504,847,16,5359
580,地球化学,070902,地质学类,理学,34.2759,37.0679,32.8367,31.8236,801,2,0.00281896,6160.0,17.364785,220,39,5359
581,火灾勘查,083107TK,公安技术类,工学,34.1269,37.6639,32.8367,30.2741,823,2,0.00259236,6182.0,16.025999,401,35,5359
582,学前教育,040106,教育学类,教育学,34.0852,47.0203,12.5745,43.5042,1012,0,0.00375975,6371.0,23.953386,842,16,5359
583,孤独症儿童教育,040116TK,教育学类,教育学,34.0256,47.0203,12.5745,43.2658,1012,0,0.00375295,6371.0,23.910053,842,16,5359
584,民族学,030401,民族学类,法学,33.9481,25.0298,47.6162,29.0822,410,7,0.00246772,5769.0,14.236259,83,30,5359
585,特殊教育,040108,教育学类,教育学,33.9243,46.8415,12.5745,43.1466,1011,0,0.00374726,6370.0,23.870053,841,16,5359
586,文物与博物馆学,060104,历史学类,历史学,33.8796,23.0036,49.8212,28.9631,322,8,0.0024457,5681.0,13.893994,174,17,5359
587,非织造材料与工程,081603T,纺织类,工学,33.7217,32.7771,37.0083,30.6317,544,3,0.00262962,5903.0,15.522658,141,35,5359
588,草业科学,090701,草学类,农学,33.6561,24.6722,51.7878,22.646,377,9,0.00206369,5736.0,11.837305,144,18,5359
589,印刷工程,081703,轻工类,工学,33.5519,32.2408,49.8212,12.8725,521,8,0.00146177,5880.0,8.595217,118,35,5359
590,音乐表演,130201,音乐与舞蹈学类,艺术学,33.528,3.8141,70.9178,28.7247,108,28,0.00243396,5467.0,13.306476,48,16,5359
591,海洋科学,070701,海洋科学类,理学,33.4088,24.9106,53.2777,19.1895,394,10,0.00171108,5753.0,9.843868,12,39,5359
592,丝绸设计与工程,081605T,纺织类,工学,33.376,32.6579,37.0083,29.4398,543,3,0.00252621,5902.0,14.909695,143,35,5359
593,航空航天工程,082001,航空航天类,工学,33.3522,31.466,45.1132,19.9046,503,6,0.00174171,5862.0,10.209879,100,35,5359
594,声学,070204T,物理学类,理学,33.1525,38.6174,28.0691,31.5256,890,1,0.0027375,6249.0,17.106636,660,39,5359
595,应用物理学,070202,物理学类,理学,33.1525,38.6174,28.0691,31.5256,890,1,0.0027375,6249.0,17.106636,660,39,5359
596,系统科学与工程,070205T,物理学类,理学,33.1078,38.6174,28.0691,31.3468,890,1,0.0027335,6249.0,17.081636,660,39,5359
597,体育旅游,040212TK,体育学类,教育学,32.9142,21.3349,49.8212,27.7712,288,8,0.00229063,5647.0,12.935213,239,16,5359
598,智慧牧业科学与工程,090307T,动物生产类,农学,32.7682,33.3731,37.0083,25.8641,553,3,0.00221535,5912.0,13.097175,322,18,5359
599,核工程与核技术,082201,核工程类,工学,32.5536,29.0226,45.1132,20.6198,470,6,0.00183939,5829.0,10.721794,69,35,5359
600,飞行器运维工程,082012T,航空航天类,工学,32.3927,31.3468,42.8486,19.4279,502,5,0.00171925,5861.0,10.076546,100,35,5359
601,妇幼保健医学,100403TK,公共卫生与预防医学类,医学,32.3748,23.9571,45.1132,28.0095,350,6,0.00232946,5709.0,13.298914,261,16,5359
602,智慧海洋技术,081905T,海洋工程类,工学,32.3153,26.2813,49.8212,17.4613,437,8,0.00160869,5796.0,9.323951,32,35,5359
603,马来语,050217,外国语言文学类,文学,32.2258,19.0107,51.7878,25.9833,266,9,0.00223462,5625.0,12.569712,76,22,5359
604,烟草,090108T,植物生产类,农学,32.1305,42.7294,12.5745,42.5507,918,0,0.00371727,6277.0,23.333291,686,18,5359
605,包装工程,081702,轻工类,工学,31.9458,32.2408,42.8486,16.2098,521,5,0.00159607,5880.0,9.384899,121,35,5359
606,特种能源技术与工程,082105,兵器类,工学,31.7193,25.8641,47.6162,18.8319,428,7,0.00169196,5787.0,9.791399,18,35,5359
607,海洋技术,070702,海洋科学类,理学,31.7014,18.236,56.1979,18.9511,254,12,0.00169623,5613.0,9.52096,12,39,5359
608,冰雪运动,040209T,体育学类,教育学,31.3975,21.2157,45.1132,28.4863,286,6,0.00237147,5645.0,13.386922,239,16,5359
609,文物保护技术,060105T,历史学类,历史学,31.2783,22.8248,42.8486,28.6055,319,5,0.0023836,5678.0,13.534095,174,17,5359
610,林产化工,082403,林业工程类,工学,31.2127,36.7104,28.0691,26.8176,748,1,0.00226099,6107.0,13.807853,349,35,5359
611,中医儿科学,100512TK,中医学类,医学,31.1114,41.8951,12.5745,39.8093,917,0,0.00349804,6276.0,21.953706,824,16,5359
612,哈医学,100507K,中医学类,医学,31.1114,41.8951,12.5745,39.8093,917,0,0.00349804,6276.0,21.953706,824,16,5359
613,回医学,100509TK,中医学类,医学,31.1114,41.8951,12.5745,39.8093,917,0,0.00349804,6276.0,21.953706,824,16,5359
614,壮医学,100506K,中医学类,医学,31.1114,41.8951,12.5745,39.8093,917,0,0.00349804,6276.0,21.953706,824,16,5359
615,维医学,100505K,中医学类,医学,31.1114,41.8951,12.5745,39.8093,917,0,0.00349804,6276.0,21.953706,824,16,5359
616,蒙医学,100504K,中医学类,医学,31.1114,41.8951,12.5745,39.8093,917,0,0.00349804,6276.0,21.953706,824,16,5359
617,藏医学,100503K,中医学类,医学,31.1114,41.8951,12.5745,39.8093,917,0,0.00349804,6276.0,21.953706,824,16,5359
618,针灸推拿学,100502K,中医学类,医学,31.1114,41.8951,12.5745,39.8093,917,0,0.00349804,6276.0,21.953706,824,16,5359
619,未来机器人,083201TK,交叉工程类,工学,30.9744,27.652,47.6162,12.9917,452,7,0.00146632,5811.0,8.520805,38,35,5359
620,水族科学与技术,090603T,水产类,农学,30.8194,26.9368,37.0083,28.3671,445,3,0.00237105,5804.0,13.761583,215,18,5359
621,海洋资源开发技术,081903T,海洋工程类,工学,30.6675,26.2813,45.1132,17.4613,437,6,0.00160869,5796.0,9.323951,32,35,5359
622,考古学,060103,历史学类,历史学,30.2741,22.646,40.5244,28.1287,317,4,0.0023383,5676.0,13.272199,173,17,5359
623,信息对抗技术,082107,兵器类,工学,30.2622,25.5066,49.8212,10.4887,424,8,0.00139917,5783.0,8.091399,18,35,5359
624,印度尼西亚语,050212,外国语言文学类,文学,29.8659,18.7723,47.6162,22.7652,264,7,0.00207896,5623.0,11.690002,76,22,5359
625,影视技术,130312T,戏剧与影视学类,艺术学,29.7735,5.3635,62.9321,22.4076,152,18,0.00205765,5511.0,11.339716,101,16,5359
626,医工学,101014TK,医学技术类,医学,29.6961,39.5113,12.5745,37.9619,901,0,0.00338464,6260.0,21.187826,830,16,5359
627,口腔医学技术,101006,医学技术类,医学,29.6961,39.5113,12.5745,37.9619,901,0,0.00338464,6260.0,21.187826,830,16,5359
628,听力与言语康复学,101008T,医学技术类,医学,29.6961,39.5113,12.5745,37.9619,901,0,0.00338464,6260.0,21.187826,830,16,5359
629,康复作业治疗,101010T,医学技术类,医学,29.6961,39.5113,12.5745,37.9619,901,0,0.00338464,6260.0,21.187826,830,16,5359
630,康复物理治疗,101009T,医学技术类,医学,29.6961,39.5113,12.5745,37.9619,901,0,0.00338464,6260.0,21.187826,830,16,5359
631,智能医学工程,101011T,医学技术类,医学,29.6961,39.5113,12.5745,37.9619,901,0,0.00338464,6260.0,21.187826,830,16,5359
632,智能影像工程,101013T,医学技术类,医学,29.6961,39.5113,12.5745,37.9619,901,0,0.00338464,6260.0,21.187826,830,16,5359
633,生物医药数据科学,101012T,医学技术类,医学,29.6961,39.5113,12.5745,37.9619,901,0,0.00338464,6260.0,21.187826,830,16,5359
634,舞蹈表演,130204,音乐与舞蹈学类,艺术学,29.6424,3.6949,62.9321,24.553,98,18,0.00214335,5457.0,11.69628,48,16,5359
635,海洋资源与环境,070703T,海洋科学类,理学,29.4607,18.0572,51.7878,16.4482,252,9,0.00160476,5611.0,9.004293,12,39,5359
636,柬埔寨语,050214,外国语言文学类,文学,29.3534,18.534,47.6162,21.0965,260,7,0.00193446,5619.0,10.869712,76,22,5359
637,表演,130301,戏剧与影视学类,艺术学,29.3146,5.2443,59.118,26.1025,149,14,0.00223681,5508.0,12.320366,102,16,5359
638,智能体育工程,040211TK,体育学类,教育学,29.267,21.0965,40.5244,26.5793,284,4,0.00224432,5643.0,12.6647,239,16,5359
639,中药制药,100805T,中药学类,医学,28.8588,19.6067,42.8486,24.0763,270,5,0.00213801,5629.0,12.034832,189,16,5359
640,药物经济与管理,100709TK,药学类,医学,28.829,34.3266,12.5745,42.789,624,0,0.0037265,5983.0,22.295672,511,16,5359
641,飞行器设计与工程,082002,航空航天类,工学,28.823,31.1085,32.8367,19.5471,499,2,0.00172013,5858.0,10.076546,100,35,5359
642,空间科学与技术,070802,地球物理学类,理学,28.6412,23.4803,40.5244,20.2622,344,4,0.00179214,5703.0,10.220559,98,39,5359
643,海洋药学,100707T,药学类,医学,28.6323,34.2074,12.5745,42.1931,621,0,0.00368994,5980.0,22.065859,508,16,5359
644,音乐教育,130212T,音乐与舞蹈学类,艺术学,28.4565,3.5757,60.7867,23.0036,96,16,0.00209299,5455.0,11.417276,48,16,5359
645,海洋工程与技术,081902T,海洋工程类,工学,28.1436,26.5793,37.0083,18.236,438,3,0.00163716,5797.0,9.490617,32,35,5359
646,国际邮轮管理,120905TK,旅游管理类,管理学,27.8963,35.7569,12.5745,36.77,707,0,0.00334469,6066.0,20.28889,351,33,5359
647,乌尔都语,050221,外国语言文学类,文学,27.7265,16.9249,47.6162,17.1633,237,7,0.00160867,5596.0,9.002093,76,22,5359
648,口腔医学,100301K,口腔医学类,医学,27.5596,3.4565,59.8927,20.8582,93,15,0.00187026,5452.0,10.196655,9,16,5359
649,物理学,070201,物理学类,理学,27.5209,38.3194,12.5745,31.1681,889,0,0.00271793,6248.0,16.981636,660,39,5359
650,量子信息科学,070206T,物理学类,理学,27.5209,38.3194,12.5745,31.1681,889,0,0.00271793,6248.0,16.981636,660,39,5359
651,外国语言与外国历史,060106T,历史学类,历史学,27.357,22.5268,32.8367,27.4136,314,2,0.00228266,5673.0,12.949536,172,17,5359
652,工程物理,082203,核工程类,工学,27.3391,28.3671,32.8367,17.9976,466,2,0.00161891,5825.0,9.430128,69,35,5359
653,核生化消防,083109TK,公安技术类,工学,26.8296,37.4851,12.5745,29.7378,821,0,0.00254312,6180.0,15.716475,401,35,5359
654,海警舰艇指挥与技术,083110TK,公安技术类,工学,26.8296,37.4851,12.5745,29.7378,821,0,0.00254312,6180.0,15.716475,401,35,5359
655,产品设计,130504,设计学类,艺术学,26.4869,7.2706,47.6162,27.652,229,7,0.00228376,5588.0,12.761674,190,16,5359
656,运动与公共健康,100406T,公共卫生与预防医学类,医学,26.4213,23.8379,28.0691,28.2479,347,1,0.00233945,5706.0,13.348914,261,16,5359
657,足球运动,040214TK,体育学类,教育学,26.1711,20.9774,32.8367,25.149,282,2,0.00218701,5641.0,12.336922,239,16,5359
658,音乐学,130202,音乐与舞蹈学类,艺术学,26.0995,3.3373,56.1979,20.3814,92,12,0.00180447,5451.0,9.836179,48,16,5359
659,飞行器制造工程,082003,航空航天类,工学,26.034,30.9893,28.0691,15.2563,498,1,0.00154969,5857.0,9.076546,100,35,5359
660,武器系统与工程,082101,兵器类,工学,25.7777,25.5066,37.0083,10.4887,424,3,0.00139917,5783.0,8.091399,18,35,5359
661,低空技术与工程,083203TK,交叉工程类,工学,25.7479,27.2944,32.8367,13.3492,447,2,0.00148739,5806.0,8.635767,38,35,5359
662,休闲体育,040207T,体育学类,教育学,25.742,20.7986,32.8367,23.7187,281,2,0.00213716,5640.0,12.053589,239,16,5359
663,摄影,130404,美术学类,艺术学,25.6943,1.907,57.8665,18.7128,68,13,0.00169037,5427.0,9.173618,21,16,5359
664,家具设计与工程,082404T,林业工程类,工学,25.5751,36.472,12.5745,26.3409,747,0,0.00223796,6106.0,13.664996,349,35,5359
665,木材科学与工程,082402,林业工程类,工学,25.5751,36.472,12.5745,26.3409,747,0,0.00223796,6106.0,13.664996,349,35,5359
666,木结构建筑与材料,082405T,林业工程类,工学,25.5751,36.472,12.5745,26.3409,747,0,0.00223796,6106.0,13.664996,349,35,5359
667,动画,130310,戏剧与影视学类,艺术学,25.3605,5.1251,51.7878,20.739,143,9,0.00184199,5502.0,10.13464,101,16,5359
668,普什图语,050240,外国语言文学类,文学,25.146,16.8057,42.8486,13.7068,235,5,0.00149007,5594.0,8.335426,76,22,5359
669,工程力学,080102,力学类,工学,24.9195,29.3206,28.0691,13.4684,472,1,0.00148858,5831.0,8.679938,76,35,5359
670,核化工与核燃料工程,082204,核工程类,工学,24.8182,28.2479,28.0691,14.7795,465,1,0.00153333,5824.0,8.930128,69,35,5359
671,意大利语,050238,外国语言文学类,文学,24.8003,16.5077,37.0083,20.9774,233,3,0.00187806,5592.0,10.502093,76,22,5359
672,理论与应用力学,080101,力学类,工学,24.7824,29.2014,28.0691,13.1108,471,1,0.00148198,5830.0,8.639938,75,35,5359
673,体育康养,040216T,体育学类,教育学,24.2521,20.7986,28.0691,24.4338,281,1,0.00214307,5640.0,12.086922,239,16,5359
674,舞蹈编导,130206,音乐与舞蹈学类,艺术学,24.1805,3.2181,51.7878,19.0703,89,9,0.00170025,5448.0,9.262947,48,16,5359
675,蜂学,090303T,动物生产类,农学,24.1001,33.1943,12.5745,25.6853,552,0,0.00221248,5911.0,13.077944,321,18,5359
676,马业科学,090305T,动物生产类,农学,24.1001,33.1943,12.5745,25.6853,552,0,0.00221248,5911.0,13.077944,321,18,5359
677,土耳其语,050235,外国语言文学类,文学,23.9958,16.5077,37.0083,17.7592,233,3,0.00160982,5592.0,9.002093,76,22,5359
678,蚕学,090302T,动物生产类,农学,23.9839,33.0155,12.5745,25.5066,551,0,0.00220972,5910.0,13.059426,320,18,5359
679,中草药栽培与鉴定,100806T,中药学类,医学,23.6859,19.6067,28.0691,24.0763,270,1,0.00213801,5629.0,12.034832,190,16,5359
680,中药资源与开发,100802,中药学类,医学,23.6859,19.6067,28.0691,24.0763,270,1,0.00213801,5629.0,12.034832,190,16,5359
681,菲律宾语,050210,外国语言文学类,文学,23.3909,16.6865,40.5244,10.1311,234,4,0.00138668,5593.0,7.755716,76,22,5359
682,整合科学,071005T,生物科学类,理学,23.3612,28.6651,12.5745,29.9762,468,0,0.00254314,5827.0,14.818886,189,39,5359
683,神经科学,071006T,生物科学类,理学,23.3612,28.6651,12.5745,29.9762,468,0,0.00254314,5827.0,14.818886,189,39,5359
684,舞蹈学,130205,音乐与舞蹈学类,艺术学,22.5238,3.0989,47.6162,18.4744,87,7,0.00167194,5446.0,9.105371,48,16,5359
685,海洋科学与技术,070705T,海洋科学类,理学,22.3361,17.7592,32.8367,14.9583,250,2,0.00153402,5609.0,8.604293,12,39,5359
686,古生物学,070904T,地质学类,理学,22.0232,28.4863,12.5745,24.9106,467,0,0.00217138,5826.0,12.650437,220,39,5359
687,艺术设计学,130501,设计学类,艺术学,21.6657,7.0322,37.0083,23.5995,225,3,0.00212877,5584.0,11.88707,190,16,5359
688,音乐剧,130315TK,戏剧与影视学类,艺术学,20.8343,5.006,40.5244,18.5936,139,4,0.00167397,5498.0,9.203483,102,16,5359
689,哈萨克语,050257,外国语言文学类,文学,20.8075,16.2098,32.8367,11.323,232,2,0.00143125,5591.0,8.002093,76,22,5359
690,全球健康学,100405TK,公共卫生与预防医学类,医学,20.6883,23.6591,12.5745,27.2944,346,0,0.00228143,5705.0,13.015581,261,16,5359
691,希伯来语,050222,外国语言文学类,文学,20.6883,16.2098,32.8367,10.8462,232,2,0.00140144,5591.0,7.835426,76,22,5359
692,美术学,130401,美术学类,艺术学,20.6883,1.7878,47.6162,13.23,60,7,0.00148685,5419.0,8.057218,21,16,5359
693,戏剧影视导演,130306,戏剧与影视学类,艺术学,20.587,5.6019,37.0083,21.5733,160,3,0.0019935,5519.0,11.002115,103,16,5359
694,波斯语,050208,外国语言文学类,文学,20.4797,16.2098,32.8367,10.0119,232,2,0.00137163,5591.0,7.66876,76,22,5359
695,临床工程技术,082603T,生物医学工程类,工学,20.4648,29.6186,12.5745,16.8653,475,0,0.00160838,5834.0,9.383288,62,35,5359
696,假肢矫形工程,082602T,生物医学工程类,工学,20.4648,29.6186,12.5745,16.8653,475,0,0.00160838,5834.0,9.383288,62,35,5359
697,健康科学与技术,082605T,生物医学工程类,工学,20.4648,29.6186,12.5745,16.8653,475,0,0.00160838,5834.0,9.383288,62,35,5359
698,康复工程,082604T,生物医学工程类,工学,20.4648,29.6186,12.5745,16.8653,475,0,0.00160838,5834.0,9.383288,62,35,5359
699,空天智能电推进技术,082011T,航空航天类,工学,20.1699,30.6317,12.5745,14.0644,497,0,0.0015158,5856.0,8.876546,100,35,5359
700,飞行器动力工程,082004,航空航天类,工学,20.1699,30.6317,12.5745,14.0644,497,0,0.0015158,5856.0,8.876546,100,35,5359
701,飞行器环境与生命保障工程,082005,航空航天类,工学,20.1699,30.6317,12.5745,14.0644,497,0,0.0015158,5856.0,8.876546,100,35,5359
702,飞行器质量与可靠性,082006T,航空航天类,工学,20.1699,30.6317,12.5745,14.0644,497,0,0.0015158,5856.0,8.876546,100,35,5359
703,飞行器适航技术,082007T,航空航天类,工学,20.1699,30.6317,12.5745,14.0644,497,0,0.0015158,5856.0,8.876546,100,35,5359
704,生物质技术与工程,081707T,轻工类,工学,20.1579,31.9428,12.5745,11.919,516,0,0.00143937,5875.0,8.456328,121,35,5359
705,生物质能源与材料,081706TK,轻工类,工学,20.1579,31.9428,12.5745,11.919,516,0,0.00143937,5875.0,8.456328,121,35,5359
706,香料香精技术与工程,081704T,轻工类,工学,20.1579,31.9428,12.5745,11.919,516,0,0.00143937,5875.0,8.456328,121,35,5359
707,古文字学,060108T,历史学类,历史学,20.1579,22.4076,12.5745,27.1752,313,0,0.00227974,5672.0,12.930668,173,17,5359
708,世界史,060102,历史学类,历史学,20.0417,22.2288,12.5745,26.9964,312,0,0.00227336,5671.0,12.892206,172,17,5359
709,科学史,060109T,历史学类,历史学,20.0417,22.2288,12.5745,26.9964,312,0,0.00227336,5671.0,12.892206,172,17,5359
710,匈牙利语,050237,外国语言文学类,文学,19.8003,15.8522,28.0691,14.5411,231,1,0.00152095,5590.0,8.502093,76,22,5359
711,尼泊尔语,050243,外国语言文学类,文学,19.8003,15.8522,28.0691,14.5411,231,1,0.00152095,5590.0,8.502093,76,22,5359
712,波兰语,050228,外国语言文学类,文学,19.8003,15.8522,28.0691,14.5411,231,1,0.00152095,5590.0,8.502093,76,22,5359
713,草坪科学与工程,090702T,草学类,农学,19.5501,24.3147,12.5745,21.6925,369,0,0.0020325,5728.0,11.642183,144,18,5359
714,戏剧影视美术设计,130307,戏剧与影视学类,艺术学,19.413,4.8272,37.0083,18.1168,137,3,0.00162464,5496.0,8.929037,101,16,5359
715,智能海洋装备,081906T,海洋工程类,工学,19.2789,26.2813,12.5745,17.4613,437,0,0.00160869,5796.0,9.323951,32,35,5359
716,海洋机器人,081904T,海洋工程类,工学,19.2789,26.2813,12.5745,17.4613,437,0,0.00160869,5796.0,9.323951,32,35,5359
717,绘画,130402,美术学类,艺术学,19.0375,1.6091,42.8486,13.5876,58,5,0.00148881,5417.0,8.064911,20,16,5359
718,行星科学,070804TK,地球物理学类,理学,18.5012,23.1824,12.5745,19.3087,340,0,0.0017147,5699.0,9.772074,98,39,5359
719,电子竞技运动与管理,040210TK,体育学类,教育学,18.4177,20.441,12.5745,23.3611,280,0,0.00210798,5639.0,11.886922,239,16,5359
720,航空运动,040217TK,体育学类,教育学,18.4177,20.441,12.5745,23.3611,280,0,0.00210798,5639.0,11.886922,239,16,5359
721,马术运动与管理,040215TK,体育学类,教育学,18.4177,20.441,12.5745,23.3611,280,0,0.00210798,5639.0,11.886922,239,16,5359
722,包装设计,130512T,设计学类,艺术学,18.3224,6.7938,28.0691,23.1228,223,1,0.00209868,5582.0,11.714848,190,16,5359
723,蒙药学,100804T,中药学类,医学,18.2628,19.6067,12.5745,24.0763,270,0,0.00213801,5629.0,12.034832,190,16,5359
724,藏药学,100803T,中药学类,医学,18.2628,19.6067,12.5745,24.0763,270,0,0.00213801,5629.0,12.034832,190,16,5359
725,工艺美术,130507,设计学类,艺术学,18.2628,6.7938,28.0691,22.8844,223,1,0.00208973,5582.0,11.664848,190,16,5359
726,艺术与科技,130509T,设计学类,艺术学,18.1734,6.7938,28.0691,22.5268,223,1,0.00206204,5582.0,11.510303,190,16,5359
727,交叉工程,083202TK,交叉工程类,工学,17.9618,26.9368,12.5745,11.1442,445,0,0.00143047,5804.0,8.302434,38,35,5359
728,碳中和科学与工程,083205T,交叉工程类,工学,17.9618,26.9368,12.5745,11.1442,445,0,0.00143047,5804.0,8.302434,38,35,5359
729,书法学,130405T,美术学类,艺术学,17.7473,1.6091,40.5244,11.6806,58,4,0.00143651,5417.0,7.781577,20,16,5359
730,戏剧影视文学,130304,戏剧与影视学类,艺术学,17.351,5.4827,28.0691,21.3349,158,1,0.00196113,5517.0,10.819575,103,16,5359
731,探测制导与控制技术,082103,兵器类,工学,17.2259,25.5066,12.5745,10.4887,424,0,0.00139917,5783.0,8.091399,18,35,5359
732,武器发射工程,082102,兵器类,工学,17.2259,25.5066,12.5745,10.4887,424,0,0.00139917,5783.0,8.091399,18,35,5359
733,装甲车辆工程,082106,兵器类,工学,17.2259,25.5066,12.5745,10.4887,424,0,0.00139917,5783.0,8.091399,18,35,5359
734,舞蹈教育,130207T,音乐与舞蹈学类,艺术学,16.469,2.9797,32.8367,15.1371,82,2,0.00153782,5441.0,8.367276,48,16,5359
735,戏剧学,130302,戏剧与影视学类,艺术学,15.8969,4.8272,28.0691,16.5673,137,1,0.00160482,5496.0,8.820089,103,16,5359
736,录音艺术,130308,戏剧与影视学类,艺术学,15.6943,4.4696,28.0691,16.329,136,1,0.00159689,5495.0,8.774912,102,16,5359
737,电影学,130303,戏剧与影视学类,艺术学,15.3784,4.0524,28.0691,15.733,135,1,0.00158255,5494.0,8.694555,101,16,5359
738,军事海洋学,070704T,海洋科学类,理学,15.2443,17.7592,12.5745,14.9583,250,0,0.00153402,5609.0,8.604293,12,39,5359
739,非物质文化遗产保护,130103T,艺术学理论类,艺术学,14.6365,0.2384,40.5244,1.4303,46,4,0.001317,5405.0,7.118365,9,16,5359
740,文物保护与修复,130409T,美术学类,艺术学,13.9124,1.4303,37.0083,1.5495,57,3,0.00131751,5416.0,7.13563,20,16,5359
741,艺术管理,130102T,艺术学理论类,艺术学,13.3284,0.1192,37.0083,1.3111,45,3,0.00131521,5404.0,7.107376,9,16,5359
742,人居设计,130514T,设计学类,艺术学,12.5566,6.4958,12.5745,22.2288,222,0,0.00205426,5581.0,11.464848,190,16,5359
743,游戏艺术设计,130515TK,设计学类,艺术学,12.5566,6.4958,12.5745,22.2288,222,0,0.00205426,5581.0,11.464848,190,16,5359
744,公共艺术,130506,设计学类,艺术学,12.4404,6.317,12.5745,22.0501,221,0,0.00204936,5580.0,11.435436,189,16,5359
745,珠宝首饰设计与工艺,130513TK,设计学类,艺术学,12.363,6.1979,12.5745,21.9309,220,0,0.00204513,5579.0,11.409795,188,16,5359
746,陶瓷艺术设计,130510TK,设计学类,艺术学,12.2855,6.0787,12.5745,21.8117,219,0,0.00204023,5578.0,11.380384,187,16,5359
747,世界语,050241,外国语言文学类,文学,10.447,11.5018,12.5745,5.7807,230,0,0.0013423,5589.0,7.502093,76,22,5359
748,丹麦语,050249,外国语言文学类,文学,10.447,11.5018,12.5745,5.7807,230,0,0.0013423,5589.0,7.502093,76,22,5359
749,乌克兰语,050247,外国语言文学类,文学,10.447,11.5018,12.5745,5.7807,230,0,0.0013423,5589.0,7.502093,76,22,5359
750,乌兹别克语,050258,外国语言文学类,文学,10.447,11.5018,12.5745,5.7807,230,0,0.0013423,5589.0,7.502093,76,22,5359
751,亚美尼亚语,050269T,外国语言文学类,文学,10.447,11.5018,12.5745,5.7807,230,0,0.0013423,5589.0,7.502093,76,22,5359
752,保加利亚语,050227,外国语言文学类,文学,10.447,11.5018,12.5745,5.7807,230,0,0.0013423,5589.0,7.502093,76,22,5359
753,僧伽罗语,050219,外国语言文学类,文学,10.447,11.5018,12.5745,5.7807,230,0,0.0013423,5589.0,7.502093,76,22,5359
754,克罗地亚语,050244,外国语言文学类,文学,10.447,11.5018,12.5745,5.7807,230,0,0.0013423,5589.0,7.502093,76,22,5359
755,克里奥尔语,050279T,外国语言文学类,文学,10.447,11.5018,12.5745,5.7807,230,0,0.0013423,5589.0,7.502093,76,22,5359
756,冰岛语,050250,外国语言文学类,文学,10.447,11.5018,12.5745,5.7807,230,0,0.0013423,5589.0,7.502093,76,22,5359
757,切瓦语,050298T,外国语言文学类,文学,10.447,11.5018,12.5745,5.7807,230,0,0.0013423,5589.0,7.502093,76,22,5359
758,加泰罗尼亚语,050267T,外国语言文学类,文学,10.447,11.5018,12.5745,5.7807,230,0,0.0013423,5589.0,7.502093,76,22,5359
759,卢旺达语,050295T,外国语言文学类,文学,10.447,11.5018,12.5745,5.7807,230,0,0.0013423,5589.0,7.502093,76,22,5359
760,卢森堡语,050294T,外国语言文学类,文学,10.447,11.5018,12.5745,5.7807,230,0,0.0013423,5589.0,7.502093,76,22,5359
761,印地语,050213,外国语言文学类,文学,10.447,11.5018,12.5745,5.7807,230,0,0.0013423,5589.0,7.502093,76,22,5359
762,吉尔吉斯语,050264T,外国语言文学类,文学,10.447,11.5018,12.5745,5.7807,230,0,0.0013423,5589.0,7.502093,76,22,5359
763,土库曼语,050266T,外国语言文学类,文学,10.447,11.5018,12.5745,5.7807,230,0,0.0013423,5589.0,7.502093,76,22,5359
764,塔吉克语,050275T,外国语言文学类,文学,10.447,11.5018,12.5745,5.7807,230,0,0.0013423,5589.0,7.502093,76,22,5359
765,塞尔维亚语,050234,外国语言文学类,文学,10.447,11.5018,12.5745,5.7807,230,0,0.0013423,5589.0,7.502093,76,22,5359
766,塞苏陀语,050299T,外国语言文学类,文学,10.447,11.5018,12.5745,5.7807,230,0,0.0013423,5589.0,7.502093,76,22,5359
767,孟加拉语,050242,外国语言文学类,文学,10.447,11.5018,12.5745,5.7807,230,0,0.0013423,5589.0,7.502093,76,22,5359
768,希腊语,050236,外国语言文学类,文学,10.447,11.5018,12.5745,5.7807,230,0,0.0013423,5589.0,7.502093,76,22,5359
769,库克群岛毛利语,050292T,外国语言文学类,文学,10.447,11.5018,12.5745,5.7807,230,0,0.0013423,5589.0,7.502093,76,22,5359
770,库尔德语,050286T,外国语言文学类,文学,10.447,11.5018,12.5745,5.7807,230,0,0.0013423,5589.0,7.502093,76,22,5359
771,德顿语,050289T,外国语言文学类,文学,10.447,11.5018,12.5745,5.7807,230,0,0.0013423,5589.0,7.502093,76,22,5359
772,恩德贝莱语,050277T,外国语言文学类,文学,10.447,11.5018,12.5745,5.7807,230,0,0.0013423,5589.0,7.502093,76,22,5359
773,拉丁语,050260,外国语言文学类,文学,10.447,11.5018,12.5745,5.7807,230,0,0.0013423,5589.0,7.502093,76,22,5359
774,拉脱维亚语,050252,外国语言文学类,文学,10.447,11.5018,12.5745,5.7807,230,0,0.0013423,5589.0,7.502093,76,22,5359
775,挪威语,050248,外国语言文学类,文学,10.447,11.5018,12.5745,5.7807,230,0,0.0013423,5589.0,7.502093,76,22,5359
776,捷克语,050229,外国语言文学类,文学,10.447,11.5018,12.5745,5.7807,230,0,0.0013423,5589.0,7.502093,76,22,5359
777,提格雷尼亚语,050281T,外国语言文学类,文学,10.447,11.5018,12.5745,5.7807,230,0,0.0013423,5589.0,7.502093,76,22,5359
778,斐济语,050291T,外国语言文学类,文学,10.447,11.5018,12.5745,5.7807,230,0,0.0013423,5589.0,7.502093,76,22,5359
779,斯洛伐克语,050230,外国语言文学类,文学,10.447,11.5018,12.5745,5.7807,230,0,0.0013423,5589.0,7.502093,76,22,5359
780,斯洛文尼亚语,050254,外国语言文学类,文学,10.447,11.5018,12.5745,5.7807,230,0,0.0013423,5589.0,7.502093,76,22,5359
781,斯瓦希里语,050225,外国语言文学类,文学,10.447,11.5018,12.5745,5.7807,230,0,0.0013423,5589.0,7.502093,76,22,5359
782,格鲁吉亚语,050271T,外国语言文学类,文学,10.447,11.5018,12.5745,5.7807,230,0,0.0013423,5589.0,7.502093,76,22,5359
783,桑戈语,050200T,外国语言文学类,文学,10.447,11.5018,12.5745,5.7807,230,0,0.0013423,5589.0,7.502093,76,22,5359
784,梵语巴利语,050211,外国语言文学类,文学,10.447,11.5018,12.5745,5.7807,230,0,0.0013423,5589.0,7.502093,76,22,5359
785,比斯拉马语,050287T,外国语言文学类,文学,10.447,11.5018,12.5745,5.7807,230,0,0.0013423,5589.0,7.502093,76,22,5359
786,毛利语,050283T,外国语言文学类,文学,10.447,11.5018,12.5745,5.7807,230,0,0.0013423,5589.0,7.502093,76,22,5359
787,汤加语,050284T,外国语言文学类,文学,10.447,11.5018,12.5745,5.7807,230,0,0.0013423,5589.0,7.502093,76,22,5359
788,泰米尔语,050239,外国语言文学类,文学,10.447,11.5018,12.5745,5.7807,230,0,0.0013423,5589.0,7.502093,76,22,5359
789,爱尔兰语,050251,外国语言文学类,文学,10.447,11.5018,12.5745,5.7807,230,0,0.0013423,5589.0,7.502093,76,22,5359
790,爱沙尼亚语,050255,外国语言文学类,文学,10.447,11.5018,12.5745,5.7807,230,0,0.0013423,5589.0,7.502093,76,22,5359
791,瑞典语,050233,外国语言文学类,文学,10.447,11.5018,12.5745,5.7807,230,0,0.0013423,5589.0,7.502093,76,22,5359
792,白俄罗斯语,050282T,外国语言文学类,文学,10.447,11.5018,12.5745,5.7807,230,0,0.0013423,5589.0,7.502093,76,22,5359
793,皮金语,050297T,外国语言文学类,文学,10.447,11.5018,12.5745,5.7807,230,0,0.0013423,5589.0,7.502093,76,22,5359
794,祖鲁语,050259,外国语言文学类,文学,10.447,11.5018,12.5745,5.7807,230,0,0.0013423,5589.0,7.502093,76,22,5359
795,科摩罗语,050278T,外国语言文学类,文学,10.447,11.5018,12.5745,5.7807,230,0,0.0013423,5589.0,7.502093,76,22,5359
796,立陶宛语,050253,外国语言文学类,文学,10.447,11.5018,12.5745,5.7807,230,0,0.0013423,5589.0,7.502093,76,22,5359
797,索马里语,050265T,外国语言文学类,文学,10.447,11.5018,12.5745,5.7807,230,0,0.0013423,5589.0,7.502093,76,22,5359
798,约鲁巴语,050268T,外国语言文学类,文学,10.447,11.5018,12.5745,5.7807,230,0,0.0013423,5589.0,7.502093,76,22,5359
799,纽埃语,050296T,外国语言文学类,文学,10.447,11.5018,12.5745,5.7807,230,0,0.0013423,5589.0,7.502093,76,22,5359
800,绍纳语,050280T,外国语言文学类,文学,10.447,11.5018,12.5745,5.7807,230,0,0.0013423,5589.0,7.502093,76,22,5359
801,罗马尼亚语,050231,外国语言文学类,文学,10.447,11.5018,12.5745,5.7807,230,0,0.0013423,5589.0,7.502093,76,22,5359
802,芬兰语,050246,外国语言文学类,文学,10.447,11.5018,12.5745,5.7807,230,0,0.0013423,5589.0,7.502093,76,22,5359
803,茨瓦纳语,050276T,外国语言文学类,文学,10.447,11.5018,12.5745,5.7807,230,0,0.0013423,5589.0,7.502093,76,22,5359
804,荷兰语,050245,外国语言文学类,文学,10.447,11.5018,12.5745,5.7807,230,0,0.0013423,5589.0,7.502093,76,22,5359
805,萨摩亚语,050285T,外国语言文学类,文学,10.447,11.5018,12.5745,5.7807,230,0,0.0013423,5589.0,7.502093,76,22,5359
806,豪萨语,050224,外国语言文学类,文学,10.447,11.5018,12.5745,5.7807,230,0,0.0013423,5589.0,7.502093,76,22,5359
807,达里语,050288T,外国语言文学类,文学,10.447,11.5018,12.5745,5.7807,230,0,0.0013423,5589.0,7.502093,76,22,5359
808,迪维希语,050290T,外国语言文学类,文学,10.447,11.5018,12.5745,5.7807,230,0,0.0013423,5589.0,7.502093,76,22,5359
809,阿塞拜疆语,050272T,外国语言文学类,文学,10.447,11.5018,12.5745,5.7807,230,0,0.0013423,5589.0,7.502093,76,22,5359
810,阿姆哈拉语,050263T,外国语言文学类,文学,10.447,11.5018,12.5745,5.7807,230,0,0.0013423,5589.0,7.502093,76,22,5359
811,阿尔巴尼亚语,050226,外国语言文学类,文学,10.447,11.5018,12.5745,5.7807,230,0,0.0013423,5589.0,7.502093,76,22,5359
812,阿非利卡语,050273T,外国语言文学类,文学,10.447,11.5018,12.5745,5.7807,230,0,0.0013423,5589.0,7.502093,76,22,5359
813,隆迪语,050293T,外国语言文学类,文学,10.447,11.5018,12.5745,5.7807,230,0,0.0013423,5589.0,7.502093,76,22,5359
814,马其顿语,050274T,外国语言文学类,文学,10.447,11.5018,12.5745,5.7807,230,0,0.0013423,5589.0,7.502093,76,22,5359
815,马耳他语,050256,外国语言文学类,文学,10.447,11.5018,12.5745,5.7807,230,0,0.0013423,5589.0,7.502093,76,22,5359
816,马达加斯加语,050270T,外国语言文学类,文学,10.447,11.5018,12.5745,5.7807,230,0,0.0013423,5589.0,7.502093,76,22,5359
817,数字戏剧,130316T,戏剧与影视学类,艺术学,10.1818,4.4696,12.5745,15.9714,136,0,0.00158489,5495.0,8.708978,103,16,5359
818,数字演艺设计,130317T,戏剧与影视学类,艺术学,10.1818,4.4696,12.5745,15.9714,136,0,0.00158489,5495.0,8.708978,103,16,5359
819,智能影像艺术,130318T,戏剧与影视学类,艺术学,10.1818,4.4696,12.5745,15.9714,136,0,0.00158489,5495.0,8.708978,103,16,5359
820,戏剧教育,130313T,戏剧与影视学类,艺术学,9.9106,4.0524,12.5745,15.5542,135,0,0.00157118,5494.0,8.632055,102,16,5359
821,曲艺,130314TK,戏剧与影视学类,艺术学,9.9106,4.0524,12.5745,15.5542,135,0,0.00157118,5494.0,8.632055,102,16,5359
822,流行舞蹈,130211T,音乐与舞蹈学类,艺术学,8.5489,2.6222,12.5745,12.3957,80,0,0.00144646,5439.0,7.867276,48,16,5359
823,流行音乐,130209T,音乐与舞蹈学类,艺术学,8.5489,2.6222,12.5745,12.3957,80,0,0.00144646,5439.0,7.867276,48,16,5359
824,舞蹈治疗,130214TK,音乐与舞蹈学类,艺术学,8.5489,2.6222,12.5745,12.3957,80,0,0.00144646,5439.0,7.867276,48,16,5359
825,音乐治疗,130210T,音乐与舞蹈学类,艺术学,8.5489,2.6222,12.5745,12.3957,80,0,0.00144646,5439.0,7.867276,48,16,5359
826,音乐科技,130215T,音乐与舞蹈学类,艺术学,8.5489,2.6222,12.5745,12.3957,80,0,0.00144646,5439.0,7.867276,48,16,5359
827,作曲与作曲技术理论,130203,音乐与舞蹈学类,艺术学,8.1585,2.205,12.5745,11.5018,78,0,0.00143284,5437.0,7.790353,46,16,5359
828,冰雪舞蹈表演,130213TK,音乐与舞蹈学类,艺术学,8.1585,2.205,12.5745,11.5018,78,0,0.00143284,5437.0,7.790353,46,16,5359
829,航空服务艺术与管理,130208TK,音乐与舞蹈学类,艺术学,7.9529,2.0262,12.5745,10.9654,77,0,0.00142653,5436.0,7.754639,45,16,5359
830,天文学,070401,天文学类,理学,7.3808,7.1514,12.5745,0.4768,228,0,0.00129016,5587.0,7.208139,0,39,5359
831,实验艺术,130407TK,美术学类,艺术学,5.0298,1.0131,12.5745,0.8939,55,0,0.00129428,5414.0,7.007218,21,16,5359
832,漫画,130410T,美术学类,艺术学,5.0298,1.0131,12.5745,0.8939,55,0,0.00129428,5414.0,7.007218,21,16,5359
833,科技艺术,130412TK,美术学类,艺术学,5.0298,1.0131,12.5745,0.8939,55,0,0.00129428,5414.0,7.007218,21,16,5359
834,美术教育,130413TK,美术学类,艺术学,5.0298,1.0131,12.5745,0.8939,55,0,0.00129428,5414.0,7.007218,21,16,5359
835,虚拟空间艺术,130414T,美术学类,艺术学,5.0298,1.0131,12.5745,0.8939,55,0,0.00129428,5414.0,7.007218,21,16,5359
836,跨媒体艺术,130408TK,美术学类,艺术学,5.0298,1.0131,12.5745,0.8939,55,0,0.00129428,5414.0,7.007218,21,16,5359
837,中国画,130406T,美术学类,艺术学,4.6514,0.4768,12.5745,0.2384,54,0,0.00128978,5413.0,6.981577,20,16,5359
838,纤维艺术,130411T,美术学类,艺术学,4.6514,0.4768,12.5745,0.2384,54,0,0.00128978,5413.0,6.981577,20,16,5359
839,雕塑,130403,美术学类,艺术学,4.6514,0.4768,12.5745,0.2384,54,0,0.00128978,5413.0,6.981577,20,16,5359
840,艺术史论,130101,艺术学理论类,艺术学,4.4011,0.0,12.5745,0.0,43,0,0.00126868,5402.0,6.853407,9,16,5359
